lane,storage_bin,pallets_space,material,soh,soh_pallets,qty_per_pallet,lane_rank,zone,occupied,abc_class,speed_class,utilization
DR DC,DR10,80,SKU_53,104,80,1,1,Priority,True,A,Medium,1.0
DR DC,DR11,80,SKU_53,104,80,1,1,Priority,True,A,Fast,1.0
DR DC,DR12,80,SKU_52,104,9,12,1,Priority,True,A,Medium,0.1125
DR DC,DR14,80,SKU_52,104,80,1,1,Priority,True,A,Fast,1.0
DR DC,DR15,80,SKU_51,104,62,2,1,Priority,True,B,Medium,0.775
DR DC,DR16,80,SKU_53,104,80,1,1,Priority,True,A,Medium,1.0
DR DC,DR17,80,SKU_53,104,80,1,1,Priority,True,B,Slow,1.0
DR DC,DR18,80,SKU_52,104,80,1,1,Priority,True,A,Fast,1.0
DR DC,DR19,80,SKU_53,104,26,4,1,Priority,True,A,Medium,0.325
DR DC,DR25,70,SKU_53,104,70,1,1,Priority,True,A,Fast,1.0
DR DC,DR26,70,SKU_120,156,70,2,1,Priority,True,A,Fast,1.0
DR DC,DR27,70,SKU_120,156,70,2,1,Priority,True,A,Fast,1.0
DR DC,DR28,70,SKU_51,104,70,1,1,Priority,True,A,Fast,1.0
DR DC,DR29,70,SKU_53,104,70,1,1,Priority,True,A,Fast,1.0
DR DC,DR30,70,SKU_53,104,70,1,1,Priority,True,A,Slow,1.0
DR DC,DR31,70,SKU_51,104,17,6,1,Priority,True,A,Fast,0.24285714285714285
DR DC,DR34,70,SKU_52,104,58,2,1,Priority,True,A,Slow,0.8285714285714286
DR DC,DR35,70,SKU_51,104,10,10,1,Priority,True,A,Fast,0.14285714285714285
DR DC,DR38,70,SKU_53,104,62,2,1,Priority,True,B,Medium,0.8857142857142857
DR DC,DR39,70,SKU_51,104,70,1,1,Priority,True,A,Medium,1.0
DR DC,DR45,80,SKU_82,96,68,1,1,Priority,True,B,Fast,0.85
DR DC,DR46,80,SKU_52,104,80,1,1,Priority,True,A,Fast,1.0
DR DC,DR49,80,SKU_122,156,60,3,1,Priority,True,A,Medium,0.75
DR DC,DR50,80,SKU_39,96,80,1,1,Priority,True,A,Medium,1.0
DR DC,DR52,80,SKU_52,104,80,1,1,Priority,True,C,Slow,1.0
DR DC,DR53,80,SKU_116,156,60,3,1,Priority,True,A,Fast,0.75
DR DC,DR56,80,SKU_51,104,80,1,1,Priority,True,A,Fast,1.0
DR DC,DR57,80,SKU_51,104,80,1,1,Priority,True,A,Medium,1.0
DR DC,DR7,80,SKU_53,104,80,1,1,Priority,True,B,Slow,1.0
DR DC,DR8,80,SKU_53,104,80,1,1,Priority,True,A,Medium,1.0
DR DC,DR9,80,SKU_51,104,80,1,1,Priority,True,B,Medium,1.0
DRF,DRF01,28,SKU_70,112,28,4,2,Priority,True,B,Slow,1.0
DRF,DRF03,28,SKU_51,104,28,4,2,Priority,True,A,Fast,1.0
DRF,DRF04,28,SKU_61,112,28,4,2,Priority,True,C,Slow,1.0
DRF,DRF05,28,SKU_61,112,28,4,2,Priority,True,A,Slow,1.0
DRF,DRF06,28,SKU_70,112,28,4,2,Priority,True,A,Fast,1.0
DRF,DRF09,28,SKU_53,104,26,4,2,Priority,True,B,Slow,0.9285714285714286
DRF,DRF10,28,SKU_53,104,28,4,2,Priority,True,A,Medium,1.0
DRF,DRF11,21,SKU_116,156,21,7,2,Priority,True,B,Fast,1.0
DRF,DRF12,28,SKU_71,400,25,16,2,Priority,True,A,Medium,0.8928571428571429
DRF,DRF13,28,SKU_70,112,28,4,2,Priority,True,B,Slow,1.0
GH,GH1,48,SKU_51,104,48,2,3,Priority,True,A,Fast,1.0
GH,GH10,30,SKU_120,156,26,6,3,Priority,True,A,Fast,0.8666666666666667
GH,GH11,40,SKU_61,112,32,4,3,Priority,True,A,Fast,0.8
GH,GH12,32,SKU_62,112,21,5,3,Priority,True,A,Medium,0.65625
GH,GH3,48,SKU_51,104,48,2,3,Priority,True,A,Fast,1.0
GH,GH5,48,SKU_51,104,48,2,3,Priority,True,A,Medium,1.0
GH,GH6,48,SKU_51,104,48,2,3,Priority,True,A,Fast,1.0
GH,GH7,48,SKU_106,840,38,22,3,Priority,True,A,Medium,0.7916666666666666
GH,GH8,40,SKU_51,104,32,3,3,Priority,True,A,Fast,0.8
GH,GH9,40,SKU_62,112,24,5,3,Priority,True,A,Fast,0.6
HA,HA030,21,SKU_28,300,21,14,4,Priority,True,A,Medium,1.0
HA,HA031,5,SKU_18,840,4,210,4,Priority,True,A,Fast,0.8
HA,HA032,5,SKU_136,130,5,26,4,Priority,True,C,Slow,1.0
HA,HA033,1,SKU_68,840,1,840,4,Priority,True,A,Fast,1.0
HA,HA040,21,SKU_93,400,10,40,4,Priority,True,A,Slow,0.47619047619047616
HA,HA041,5,SKU_15,840,4,210,4,Priority,True,A,Slow,0.8
HA,HA042,5,SKU_136,130,5,26,4,Priority,True,B,Fast,1.0
HA,HA043,1,SKU_12,200,1,200,4,Priority,True,A,Medium,1.0
HA,HA050,21,SKU_3,400,15,27,4,Priority,True,A,Fast,0.7142857142857143
HA,HA051,5,SKU_17,200,4,50,4,Priority,True,C,Slow,0.8
HA,HA052,5,SKU_136,130,5,26,4,Priority,True,A,Medium,1.0
HA,HA060,21,SKU_29,400,14,29,4,Priority,True,A,Slow,0.6666666666666666
HA,HA061,5,SKU_15,840,5,168,4,Priority,True,A,Fast,1.0
HA,HA062,5,SKU_68,840,5,168,4,Priority,True,B,Medium,1.0
HA,HA063,1,SKU_136,130,1,130,4,Priority,True,B,Slow,1.0
HA,HA070,21,SKU_31,400,20,20,4,Priority,True,A,Fast,0.9523809523809523
HA,HA071,5,SKU_114,200,5,40,4,Priority,True,A,Fast,1.0
HA,HA080,21,SKU_90,300,21,14,4,Priority,True,A,Medium,1.0
HA,HA081,5,SKU_12,200,5,40,4,Priority,True,A,Fast,1.0
HA,HA082,5,SKU_68,840,5,168,4,Priority,True,A,Fast,1.0
HA,HA083,1,SKU_75,840,1,840,4,Priority,True,C,Slow,1.0
HA,HA091,5,SKU_140,130,1,130,4,Priority,True,B,Medium,0.2
HA,HA092,5,SKU_113,840,4,210,4,Priority,True,A,Medium,0.8
HA,HA093,1,SKU_68,840,1,840,4,Priority,True,A,Slow,1.0
HA,HA100,21,SKU_31,400,20,20,4,Priority,True,A,Fast,0.9523809523809523
HA,HA101,5,SKU_12,200,5,40,4,Priority,True,C,Slow,1.0
HA,HA102,5,SKU_113,840,4,210,4,Priority,True,A,Fast,0.8
HA,HA103,1,SKU_68,840,1,840,4,Priority,True,A,Fast,1.0
HA,HA111,5,SKU_140,130,2,65,4,Priority,True,A,Fast,0.4
HA,HA112,5,SKU_16,200,5,40,4,Priority,True,A,Medium,1.0
HA,HA113,1,SKU_68,840,1,840,4,Priority,True,A,Fast,1.0
HA,HA120,21,SKU_86,300,21,14,4,Priority,True,A,Fast,1.0
HA,HA121,5,SKU_12,200,4,50,4,Priority,True,B,Slow,0.8
HA,HA122,5,SKU_16,200,5,40,4,Priority,True,A,Fast,1.0
HA,HA123,1,SKU_138,130,1,130,4,Priority,True,A,Fast,1.0
HA,HA131,5,SKU_12,200,5,40,4,Priority,True,C,Slow,1.0
HA,HA132,5,SKU_16,200,5,40,4,Priority,True,A,Fast,1.0
HA,HA140,21,SKU_14,300,20,15,4,Priority,True,A,Fast,0.9523809523809523
HA,HA141,5,SKU_138,130,1,130,4,Priority,True,A,Fast,0.2
HA,HA142,5,SKU_16,200,1,200,4,Priority,True,A,Slow,0.2
HA,HA150,21,SKU_73,300,20,15,4,Priority,True,A,Fast,0.9523809523809523
HA,HA151,5,SKU_17,200,5,40,4,Priority,True,B,Slow,1.0
HA,HA152,5,SKU_17,200,5,40,4,Priority,True,A,Fast,1.0
HA,HA153,1,SKU_12,200,1,200,4,Priority,True,A,Fast,1.0
HA,HA161,5,SKU_18,840,5,168,4,Priority,True,A,Medium,1.0
HA,HA162,5,SKU_136,130,4,33,4,Priority,True,C,Slow,0.8
HA,HA170,28,SKU_88,300,25,12,4,Priority,True,A,Medium,0.8928571428571429
HA,HA171,5,SKU_37,840,4,210,4,Priority,True,C,Slow,0.8
HA,HA172,5,SKU_12,200,5,40,4,Priority,True,B,Fast,1.0
HA,HA180,28,SKU_86,300,24,13,4,Priority,True,A,Medium,0.8571428571428571
HA,HA181,5,SKU_68,840,5,168,4,Priority,True,B,Slow,1.0
HA,HA182,5,SKU_138,130,5,26,4,Priority,True,A,Fast,1.0
HA,HA190,28,SKU_51,104,20,5,4,Priority,True,A,Fast,0.7142857142857143
HA,HA191,5,SKU_68,840,5,168,4,Priority,True,A,Fast,1.0
HA,HA192,5,SKU_10,840,3,280,4,Priority,True,A,Fast,0.6
HA,HA200,28,SKU_120,156,24,7,4,Priority,True,A,Medium,0.8571428571428571
HA,HA201,5,SKU_12,200,5,40,4,Priority,True,A,Medium,1.0
HA,HA202,5,SKU_138,130,5,26,4,Priority,True,A,Medium,1.0
HA,HA210,28,SKU_106,840,28,30,4,Priority,True,C,Slow,1.0
HA,HA211,5,SKU_37,840,5,168,4,Priority,True,B,Medium,1.0
HA,HA212,5,SKU_137,130,4,33,4,Priority,True,A,Medium,0.8
HA,HA220,28,SKU_51,104,28,4,4,Priority,True,A,Fast,1.0
HA,HA221,5,SKU_37,840,5,168,4,Priority,True,A,Fast,1.0
HA,HA222,5,SKU_137,130,4,33,4,Priority,True,C,Medium,0.8
HA,HA230,28,SKU_109,400,28,14,4,Priority,True,B,Fast,1.0
HA,HA231,5,SKU_37,840,5,168,4,Priority,True,A,Medium,1.0
HA,HA232,5,SKU_118,156,5,31,4,Priority,True,A,Fast,1.0
HA,HA240,28,SKU_135,400,28,14,4,Priority,True,A,Fast,1.0
HA,HA241,5,SKU_37,840,5,168,4,Priority,True,A,Fast,1.0
HA,HA242,5,SKU_118,156,5,31,4,Priority,True,B,Slow,1.0
HA,HA250,28,SKU_101,96,7,14,4,Priority,True,A,Fast,0.25
HA,HA251,5,SKU_35,96,4,24,4,Priority,True,B,Medium,0.8
HA,HA252,5,SKU_118,156,5,31,4,Priority,True,A,Fast,1.0
HA,HA261,5,SKU_35,96,5,19,4,Priority,True,A,Fast,1.0
HA,HA262,5,SKU_118,156,5,31,4,Priority,True,A,Slow,1.0
HA,HA270,28,SKU_53,104,28,4,4,Priority,True,A,Medium,1.0
HA,HA271,5,SKU_139,130,1,130,4,Priority,True,C,Slow,0.2
HA,HA272,5,SKU_10,840,5,168,4,Priority,True,B,Slow,1.0
HA,HA280,28,SKU_51,104,28,4,4,Priority,True,B,Slow,1.0
HA,HA281,5,SKU_33,400,4,100,4,Priority,True,A,Fast,0.8
HA,HA282,5,SKU_10,840,4,210,4,Priority,True,A,Slow,0.8
HA,HA292,5,SKU_118,156,5,31,4,Priority,True,B,Medium,1.0
HA,HA300,28,SKU_34,96,28,3,4,Priority,True,C,Slow,1.0
HA,HA301,5,SKU_148,400,3,133,4,Priority,True,A,Medium,0.6
HA,HA302,5,SKU_25,840,5,168,4,Priority,True,A,Fast,1.0
HA,HA310,28,SKU_53,104,28,4,4,Priority,True,A,Medium,1.0
HA,HA311,5,SKU_25,840,5,168,4,Priority,True,B,Slow,1.0
HA,HA312,5,SKU_25,840,5,168,4,Priority,True,B,Medium,1.0
HA,HA320,28,SKU_51,104,28,4,4,Priority,True,A,Fast,1.0
HA,HA322,5,SKU_25,840,5,168,4,Priority,True,A,Slow,1.0
HA,HA330,28,SKU_116,156,27,6,4,Priority,True,A,Fast,0.9642857142857143
HA,HA332,5,SKU_12,200,4,50,4,Priority,True,A,Slow,0.8
HA,HA340,28,SKU_61,112,28,4,4,Priority,True,B,Fast,1.0
HA,HA350,28,SKU_61,112,28,4,4,Priority,True,A,Fast,1.0
HA,HA351,5,SKU_10,840,3,280,4,Priority,True,A,Fast,0.6
HA,HA352,5,SKU_136,130,5,26,4,Priority,True,A,Fast,1.0
HA,HA360,28,SKU_105,840,25,34,4,Priority,True,B,Medium,0.8928571428571429
HA,HA362,5,SKU_152,156,5,31,4,Priority,True,A,Medium,1.0
HA,HA36A,24,SKU_119,156,24,7,4,Priority,True,A,Fast,1.0
HA,HA371,5,SKU_33,400,4,100,4,Priority,True,C,Slow,0.8
HA,HA372,5,SKU_136,130,5,26,4,Priority,True,A,Medium,1.0
HA,HA380,28,SKU_120,156,28,6,4,Priority,True,A,Medium,1.0
HA,HA381,5,SKU_33,400,4,100,4,Priority,True,A,Fast,0.8
HA,HA382,5,SKU_54,104,5,21,4,Priority,True,A,Medium,1.0
HA,HA390,28,SKU_52,104,25,4,4,Priority,True,A,Fast,0.8928571428571429
HA,HA391,5,SKU_58,400,1,400,4,Priority,True,A,Fast,0.2
HA,HA392,5,SKU_54,104,5,21,4,Priority,True,A,Fast,1.0
HA,HA400,28,SKU_52,104,28,4,4,Priority,True,A,Fast,1.0
HA,HA401,5,SKU_58,400,5,80,4,Priority,True,A,Fast,1.0
HA,HA402,5,SKU_54,104,5,21,4,Priority,True,A,Fast,1.0
HA,HA410,28,SKU_51,104,28,4,4,Priority,True,A,Slow,1.0
HA,HA411,5,SKU_39,96,5,19,4,Priority,True,A,Fast,1.0
HA,HA412,5,SKU_54,104,3,35,4,Priority,True,C,Slow,0.6
HA,HA420,28,SKU_120,156,28,6,4,Priority,True,B,Slow,1.0
HA,HA421,5,SKU_16,200,4,50,4,Priority,True,A,Medium,0.8
HA,HA422,5,SKU_12,200,4,50,4,Priority,True,A,Medium,0.8
HA,HA430,28,SKU_53,104,28,4,4,Priority,True,A,Fast,1.0
HA,HA440,28,SKU_52,104,28,4,4,Priority,True,A,Medium,1.0
HA,HA441,5,SKU_10,840,4,210,4,Priority,True,A,Fast,0.8
HA,HA450,28,SKU_39,96,27,4,4,Priority,True,C,Fast,0.9642857142857143
HA,HA451,5,SKU_10,840,4,210,4,Priority,True,A,Medium,0.8
HA,HA460,28,SKU_51,104,28,4,4,Priority,True,A,Fast,1.0
HA,HA461,5,SKU_39,96,5,19,4,Priority,True,B,Medium,1.0
HA,HA470,28,SKU_150,840,28,30,4,Priority,True,B,Slow,1.0
HA,HA471,5,SKU_10,840,4,210,4,Priority,True,A,Fast,0.8
HA,HA472,5,SKU_120,156,5,31,4,Priority,True,A,Medium,1.0
HA,HA480,28,SKU_51,104,28,4,4,Priority,True,A,Fast,1.0
HA,HA481,5,SKU_69,200,1,200,4,Priority,True,A,Medium,0.2
HA,HA482,5,SKU_120,156,5,31,4,Priority,True,A,Fast,1.0
HA,HA491,5,SKU_69,200,5,40,4,Priority,True,B,Slow,1.0
HA,HA501,5,SKU_69,200,5,40,4,Priority,True,A,Fast,1.0
HA,HA510,28,SKU_51,104,28,4,4,Priority,True,C,Slow,1.0
HA,HA511,5,SKU_69,200,2,100,4,Priority,True,A,Medium,0.4
HA,HA520,28,SKU_52,104,28,4,4,Priority,True,A,Fast,1.0
HA,HA530,28,SKU_102,400,4,100,4,Priority,True,A,Fast,0.14285714285714285
HA,HA540,28,SKU_51,104,28,4,4,Priority,True,B,Fast,1.0
HA,HA551,5,SKU_69,200,5,40,4,Priority,True,A,Fast,1.0
HA,HA552,5,SKU_69,200,5,40,4,Priority,True,A,Fast,1.0
HA,HA560,21,SKU_109,400,21,19,4,Priority,True,A,Fast,1.0
HA,HA561,5,SKU_73,300,2,150,4,Priority,True,A,Medium,0.4
HA,HA562,5,SKU_69,200,5,40,4,Priority,True,A,Fast,1.0
HA,HA570,21,SKU_66,300,19,16,4,Priority,True,A,Medium,0.9047619047619048
HA,HA571,5,SKU_136,130,5,26,4,Priority,True,C,Slow,1.0
HA,HA573,1,SKU_13,200,1,200,4,Priority,True,A,Medium,1.0
HA,HA580,21,SKU_31,400,8,50,4,Priority,True,B,Slow,0.38095238095238093
HA,HA581,5,SKU_12,200,5,40,4,Priority,True,A,Fast,1.0
HA,HA590,21,SKU_63,400,21,19,4,Priority,True,A,Fast,1.0
HA,HA591,5,SKU_12,200,5,40,4,Priority,True,C,Slow,1.0
HA,HA600,21,SKU_58,400,21,19,4,Priority,True,B,Medium,1.0
HA,HA601,5,SKU_33,400,3,133,4,Priority,True,C,Slow,0.6
HA,HA602,5,SKU_146,840,5,168,4,Priority,True,C,Medium,1.0
HA,HA610,21,SKU_30,400,20,20,4,Priority,True,B,Medium,0.9523809523809523
HA,HA611,5,SKU_85,840,5,168,4,Priority,True,A,Fast,1.0
HA,HA620,21,SKU_30,400,16,25,4,Priority,True,A,Fast,0.7619047619047619
HA,HA621,5,SKU_33,400,1,400,4,Priority,True,A,Fast,0.2
HA,HA622,5,SKU_130,840,1,840,4,Priority,True,A,Medium,0.2
HA,HA631,5,SKU_109,400,5,80,4,Priority,True,A,Fast,1.0
HA,HA632,5,SKU_146,840,5,168,4,Priority,True,A,Medium,1.0
HA,HA640,21,SKU_72,400,21,19,4,Priority,True,C,Medium,1.0
HA,HA641,5,SKU_136,130,5,26,4,Priority,True,A,Fast,1.0
HA,HA642,5,SKU_130,840,5,168,4,Priority,True,B,Medium,1.0
HA,HA650,21,SKU_66,300,15,20,4,Priority,True,A,Fast,0.7142857142857143
HA,HA652,5,SKU_146,840,5,168,4,Priority,True,A,Medium,1.0
HA,HA661,5,SKU_40,96,1,96,4,Priority,True,C,Slow,0.2
HA,HA662,5,SKU_130,840,4,210,4,Priority,True,C,Slow,0.8
HA,HA670,21,SKU_58,400,17,24,4,Priority,True,A,Fast,0.8095238095238095
HA,HA671,5,SKU_69,200,3,67,4,Priority,True,B,Medium,0.6
HA,HA672,5,SKU_49,840,4,210,4,Priority,True,A,Fast,0.8
HA,HA673,1,SKU_49,840,1,840,4,Priority,True,A,Slow,1.0
HA,HA680,21,SKU_72,400,21,19,4,Priority,True,C,Slow,1.0
HA,HA681,5,SKU_16,200,4,50,4,Priority,True,A,Slow,0.8
HA,HA682,5,SKU_49,840,5,168,4,Priority,True,A,Fast,1.0
HA,HA683,1,SKU_49,840,1,840,4,Priority,True,B,Medium,1.0
HB,HB011,5,SKU_24,200,5,40,5,Priority,True,A,Fast,1.0
HB,HB020,20,SKU_116,156,20,8,5,Priority,True,A,Fast,1.0
HB,HB021,5,SKU_24,200,5,40,5,Priority,True,A,Medium,1.0
HB,HB030,20,SKU_53,104,20,5,5,Priority,True,B,Medium,1.0
HB,HB031,5,SKU_39,96,5,19,5,Priority,True,A,Fast,1.0
HB,HB040,20,SKU_53,104,20,5,5,Priority,True,C,Slow,1.0
HB,HB041,5,SKU_39,96,5,19,5,Priority,True,A,Medium,1.0
HB,HB050,20,SKU_130,840,20,42,5,Priority,True,A,Fast,1.0
HB,HB060,20,SKU_53,104,20,5,5,Priority,True,A,Medium,1.0
HB,HB061,5,SKU_147,400,5,80,5,Priority,True,A,Medium,1.0
HB,HB070,20,SKU_70,112,20,6,5,Priority,True,A,Medium,1.0
HB,HB071,5,SKU_147,400,5,80,5,Priority,True,A,Fast,1.0
HB,HB080,20,SKU_53,104,20,5,5,Priority,True,B,Medium,1.0
HB,HB081,5,SKU_147,400,5,80,5,Priority,True,A,Fast,1.0
HB,HB091,5,SKU_147,400,5,80,5,Priority,True,A,Fast,1.0
HB,HB120,20,SKU_62,112,20,6,5,Priority,True,A,Fast,1.0
HB,HB130,20,SKU_51,104,20,5,5,Priority,True,A,Fast,1.0
HB,HB140,20,SKU_39,96,20,5,5,Priority,True,A,Fast,1.0
HB,HB150,20,SKU_150,840,20,42,5,Priority,True,A,Medium,1.0
HB,HB160,20,SKU_52,104,15,7,5,Priority,True,C,Medium,0.75
HB,HB170,20,SKU_150,840,20,42,5,Priority,True,A,Slow,1.0
HB,HB180,20,SKU_120,156,20,8,5,Priority,True,B,Medium,1.0
HB,HB190,12,SKU_33,400,1,400,5,Priority,True,A,Fast,0.08333333333333333
HB,HB191,4,SKU_31,400,4,100,5,Priority,True,A,Slow,1.0
HB,HB192,4,SKU_33,400,4,100,5,Priority,True,A,Fast,1.0
HB,HB200,12,SKU_65,400,8,50,5,Priority,True,A,Medium,0.6666666666666666
HB,HB202,4,SKU_149,156,4,39,5,Priority,True,A,Fast,1.0
HB,HB210,12,SKU_14,300,6,50,5,Priority,True,B,Slow,0.5
HB,HB211,4,SKU_17,200,4,50,5,Priority,True,A,Medium,1.0
HB,HB212,4,SKU_149,156,4,39,5,Priority,True,A,Fast,1.0
HB,HB220,12,SKU_144,200,12,17,5,Priority,True,C,Slow,1.0
HB,HB221,4,SKU_140,130,4,33,5,Priority,True,C,Slow,1.0
HB,HB222,4,SKU_149,156,4,39,5,Priority,True,A,Fast,1.0
HB,HB223,1,SKU_116,156,1,156,5,Priority,True,A,Fast,1.0
HB,HB230,12,SKU_144,200,12,17,5,Priority,True,A,Fast,1.0
HB,HB231,4,SKU_18,840,4,210,5,Priority,True,C,Slow,1.0
HB,HB232,4,SKU_149,156,4,39,5,Priority,True,B,Medium,1.0
HB,HB240,12,SKU_72,400,12,33,5,Priority,True,B,Medium,1.0
HB,HB241,4,SKU_149,156,4,39,5,Priority,True,A,Fast,1.0
HB,HB242,4,SKU_149,156,4,39,5,Priority,True,A,Fast,1.0
HB,HB250,12,SKU_144,200,12,17,5,Priority,True,B,Medium,1.0
HB,HB251,4,SKU_149,156,4,39,5,Priority,True,B,Fast,1.0
HB,HB252,4,SKU_11,840,1,840,5,Priority,True,A,Slow,0.25
HB,HB261,4,SKU_18,840,4,210,5,Priority,True,C,Slow,1.0
HB,HB262,4,SKU_149,156,4,39,5,Priority,True,A,Fast,1.0
HB,HB271,4,SKU_119,156,4,39,5,Priority,True,A,Fast,1.0
HB,HB272,4,SKU_149,156,4,39,5,Priority,True,B,Slow,1.0
HB,HB280,12,SKU_33,400,12,33,5,Priority,True,A,Fast,1.0
HB,HB281,4,SKU_17,200,4,50,5,Priority,True,A,Medium,1.0
HB,HB282,4,SKU_149,156,4,39,5,Priority,True,C,Medium,1.0
HB,HB290,12,SKU_109,400,12,33,5,Priority,True,A,Medium,1.0
HB,HB300,12,SKU_144,200,12,17,5,Priority,True,A,Fast,1.0
HB,HB301,4,SKU_73,300,4,75,5,Priority,True,A,Medium,1.0
HB,HB302,4,SKU_138,130,4,33,5,Priority,True,A,Slow,1.0
HB,HB310,12,SKU_5,400,9,44,5,Priority,True,A,Fast,0.75
HB,HB320,12,SKU_31,400,12,33,5,Priority,True,A,Medium,1.0
HB,HB322,4,SKU_138,130,4,33,5,Priority,True,B,Slow,1.0
HC,HC010,20,SKU_52,104,20,5,6,Priority,True,A,Medium,1.0
HC,HC020,20,SKU_31,400,20,20,6,Priority,True,A,Fast,1.0
HC,HC022,4,SKU_136,130,4,33,6,Priority,True,A,Fast,1.0
HC,HC030,20,SKU_116,156,20,8,6,Priority,True,A,Slow,1.0
HC,HC032,4,SKU_136,130,4,33,6,Priority,True,C,Slow,1.0
HC,HC050,20,SKU_153,208,10,21,6,Priority,True,B,Slow,0.5
HC,HC052,4,SKU_41,840,4,210,6,Priority,True,A,Fast,1.0
HC,HC060,20,SKU_39,96,20,5,6,Priority,True,A,Medium,1.0
HC,HC060A,20,SKU_39,96,20,5,6,Priority,True,A,Fast,1.0
HC,HC062,4,SKU_41,840,4,210,6,Priority,True,A,Fast,1.0
HC,HC071,4,SKU_101,96,4,24,6,Priority,True,B,Medium,1.0
HC,HC080,20,SKU_34,96,20,5,6,Priority,True,A,Medium,1.0
HC,HC090,20,SKU_34,96,20,5,6,Priority,True,A,Medium,1.0
HC,HC092,4,SKU_136,130,4,33,6,Priority,True,B,Fast,1.0
HC,HC100,20,SKU_152,156,10,16,6,Priority,True,A,Medium,0.5
HC,HC110,20,SKU_120,156,20,8,6,Priority,True,A,Fast,1.0
HC,HC120,20,SKU_70,112,20,6,6,Priority,True,A,Slow,1.0
HC,HC121,4,SKU_120,156,1,156,6,Priority,True,A,Fast,0.25
HC,HC130,20,SKU_119,156,20,8,6,Priority,True,B,Fast,1.0
HC,HC131,4,SKU_20,300,4,75,6,Priority,True,C,Slow,1.0
HC,HC132,4,SKU_12,200,4,50,6,Priority,True,A,Fast,1.0
HC,HC141,4,SKU_39,96,1,96,6,Priority,True,B,Medium,0.25
HC,HC142,4,SKU_136,130,4,33,6,Priority,True,A,Fast,1.0
HC,HC150,20,SKU_110,840,20,42,6,Priority,True,A,Medium,1.0
HC,HC151,4,SKU_64,10800,4,2700,6,Priority,True,A,Slow,1.0
HC,HC152,4,SKU_139,130,4,33,6,Priority,True,A,Medium,1.0
HC,HC160,20,SKU_70,112,20,6,6,Priority,True,B,Slow,1.0
HC,HC162,4,SKU_120,156,4,39,6,Priority,True,B,Fast,1.0
HC,HC170,12,SKU_59,300,12,25,6,Priority,True,B,Fast,1.0
HC,HC172,4,SKU_5,400,4,100,6,Priority,True,B,Medium,1.0
HC,HC180,12,SKU_151,400,12,33,6,Priority,True,A,Fast,1.0
HC,HC190,12,SKU_151,400,12,33,6,Priority,True,A,Medium,1.0
HC,HC191,4,SKU_138,130,4,33,6,Priority,True,A,Fast,1.0
HC,HC192,4,SKU_5,400,4,100,6,Priority,True,B,Medium,1.0
HC,HC200,12,SKU_72,400,12,33,6,Priority,True,B,Fast,1.0
HC,HC201,4,SKU_138,130,4,33,6,Priority,True,A,Slow,1.0
HC,HC210,12,SKU_58,400,12,33,6,Priority,True,A,Fast,1.0
HC,HC211,4,SKU_12,200,4,50,6,Priority,True,A,Fast,1.0
HC,HC220,12,SKU_151,400,12,33,6,Priority,True,C,Slow,1.0
HC,HC221,4,SKU_11,840,4,210,6,Priority,True,B,Slow,1.0
HC,HC230,12,SKU_30,400,12,33,6,Priority,True,C,Slow,1.0
HC,HC231,4,SKU_138,130,4,33,6,Priority,True,B,Medium,1.0
HC,HC233,4,SKU_20,300,4,75,6,Priority,True,B,Medium,1.0
HC,HC240,12,SKU_58,400,12,33,6,Priority,True,A,Fast,1.0
HC,HC241,4,SKU_15,840,2,420,6,Priority,True,B,Medium,0.5
HC,HC243,4,SKU_20,300,4,75,6,Priority,True,A,Fast,1.0
HC,HC251,4,SKU_136,130,4,33,6,Priority,True,C,Medium,1.0
HC,HC252,4,SKU_139,130,4,33,6,Priority,True,B,Slow,1.0
HC,HC260,12,SKU_28,300,12,25,6,Priority,True,B,Medium,1.0
HC,HC270,12,SKU_58,400,12,33,6,Priority,True,B,Medium,1.0
HC,HC271,4,SKU_138,130,4,33,6,Priority,True,A,Fast,1.0
HC,HC280,12,SKU_90,300,12,25,6,Priority,True,B,Slow,1.0
HC,HC281,4,SKU_139,130,4,33,6,Priority,True,A,Fast,1.0
HC,HC282,4,SKU_15,840,4,210,6,Priority,True,B,Medium,1.0
HC,HC290,12,SKU_151,400,6,67,6,Priority,True,B,Slow,0.5
HC,HC291,4,SKU_136,130,4,33,6,Priority,True,A,Medium,1.0
HC,HC292,4,SKU_68,840,4,210,6,Priority,True,B,Medium,1.0
HC,HC293,4,SKU_120,156,4,39,6,Priority,True,A,Fast,1.0
HC,HC300,12,SKU_30,400,12,33,6,Priority,True,A,Medium,1.0
HC,HC302,4,SKU_68,840,4,210,6,Priority,True,B,Medium,1.0
HC,HC303,4,SKU_120,156,4,39,6,Priority,True,A,Slow,1.0
HD,HD010,10,SKU_69,200,10,20,7,Priority,True,A,Medium,1.0
HD,HD020,2,SKU_69,200,2,100,7,Priority,True,A,Slow,1.0
HD,HD030,2,SKU_139,130,2,65,7,Priority,True,A,Medium,1.0
HD,HD040,2,SKU_136,130,2,65,7,Priority,True,B,Medium,1.0
HD,HD050,2,SKU_139,130,2,65,7,Priority,True,C,Medium,1.0
HD,HD060,2,SKU_137,130,2,65,7,Priority,True,A,Medium,1.0
HD,HD070,2,SKU_116,156,2,78,7,Priority,True,A,Fast,1.0
HD,HD080,2,SKU_18,840,2,420,7,Priority,True,A,Fast,1.0
HD,HD090,2,SKU_139,130,2,65,7,Priority,True,C,Medium,1.0
HD,HD100,2,SKU_139,130,2,65,7,Priority,True,A,Fast,1.0
HD,HD110,2,SKU_10,840,2,420,7,Priority,True,C,Medium,1.0
HD,HD120,2,SKU_120,156,2,78,7,Priority,True,A,Fast,1.0
HD,HD130,2,SKU_118,156,2,78,7,Priority,True,C,Slow,1.0
HD,HD140,2,SKU_116,156,2,78,7,Priority,True,A,Medium,1.0
HD,HD150,2,SKU_139,130,2,65,7,Priority,True,C,Medium,1.0
HD,HD160,2,SKU_12,200,2,100,7,Priority,True,A,Medium,1.0
HD,HD170,2,SKU_119,156,2,78,7,Priority,True,A,Fast,1.0
HD,HD180,2,SKU_138,130,2,65,7,Priority,True,A,Fast,1.0
HD,HD200,2,SKU_18,840,2,420,7,Priority,True,B,Medium,1.0
HE,HE010,2,SKU_41,840,2,420,8,Priority,True,A,Fast,1.0
HE,HE011,2,SKU_138,130,2,65,8,Priority,True,A,Medium,1.0
HE,HE012,2,SKU_15,840,2,420,8,Priority,True,A,Fast,1.0
HE,HE013,2,SKU_69,200,2,100,8,Priority,True,A,Fast,1.0
HE,HE014,2,SKU_70,112,2,56,8,Priority,True,A,Medium,1.0
HE,HE020,2,SKU_58,400,2,200,8,Priority,True,A,Fast,1.0
HE,HE021,2,SKU_67,840,1,840,8,Priority,True,B,Slow,0.5
HE,HE022,2,SKU_126,840,1,840,8,Priority,True,A,Fast,0.5
HE,HE023,2,SKU_152,156,2,78,8,Priority,True,C,Slow,1.0
HE,HE024,2,SKU_68,840,2,420,8,Priority,True,A,Slow,1.0
HE,HE030,2,SKU_138,130,2,65,8,Priority,True,B,Medium,1.0
HE,HE031,2,SKU_24,200,2,100,8,Priority,True,B,Slow,1.0
HE,HE032,2,SKU_106,840,2,420,8,Priority,True,A,Medium,1.0
HE,HE033,2,SKU_89,840,1,840,8,Priority,True,A,Fast,0.5
HE,HE034,2,SKU_120,156,1,156,8,Priority,True,A,Fast,0.5
HE,HE040,2,SKU_6,400,1,400,8,Priority,True,A,Slow,0.5
HE,HE041,2,SKU_53,104,2,52,8,Priority,True,A,Fast,1.0
HE,HE042,2,SKU_17,200,2,100,8,Priority,True,A,Medium,1.0
HE,HE043,2,SKU_115,840,2,420,8,Priority,True,B,Slow,1.0
HE,HE044,2,SKU_44,840,2,420,8,Priority,True,B,Fast,1.0
HE,HE050,2,SKU_120,156,1,156,8,Priority,True,A,Fast,0.5
HE,HE051,2,SKU_137,130,1,130,8,Priority,True,A,Fast,0.5
HE,HE052,2,SKU_41,840,2,420,8,Priority,True,A,Medium,1.0
HE,HE054,2,SKU_122,156,1,156,8,Priority,True,A,Slow,0.5
HE,HE060,2,SKU_53,104,2,52,8,Priority,True,A,Slow,1.0
HE,HE061,2,SKU_85,840,2,420,8,Priority,True,A,Fast,1.0
HE,HE062,2,SKU_12,200,2,100,8,Priority,True,A,Medium,1.0
HE,HE063,2,SKU_137,130,2,65,8,Priority,True,C,Medium,1.0
HE,HE064,2,SKU_68,840,2,420,8,Priority,True,A,Slow,1.0
HE,HE070,2,SKU_14,300,1,300,8,Priority,True,C,Slow,0.5
HE,HE071,2,SKU_136,130,2,65,8,Priority,True,A,Fast,1.0
HE,HE072,2,SKU_102,400,2,200,8,Priority,True,A,Fast,1.0
HE,HE073,2,SKU_55,80,1,80,8,Priority,True,A,Slow,0.5
HE,HE074,2,SKU_77,232,1,232,8,Priority,True,A,Slow,0.5
HE,HE080,2,SKU_84,840,1,840,8,Priority,True,A,Slow,0.5
HE,HE081,2,SKU_136,130,2,65,8,Priority,True,A,Medium,1.0
HE,HE082,2,SKU_73,300,2,150,8,Priority,True,A,Fast,1.0
HE,HE083,2,SKU_74,44,1,44,8,Priority,True,A,Fast,0.5
HE,HE084,2,SKU_68,840,1,840,8,Priority,True,A,Fast,0.5
HE,HE090,2,SKU_51,104,1,104,8,Priority,True,A,Slow,0.5
HE,HE091,2,SKU_27,840,1,840,8,Priority,True,A,Fast,0.5
HE,HE092,2,SKU_139,130,2,65,8,Priority,True,A,Slow,1.0
HE,HE093,2,SKU_71,400,2,200,8,Priority,True,C,Slow,1.0
HE,HE094,2,SKU_151,400,2,200,8,Priority,True,B,Medium,1.0
HE,HE101,2,SKU_12,200,2,100,8,Priority,True,A,Slow,1.0
HE,HE102,2,SKU_127,840,2,420,8,Priority,True,A,Medium,1.0
HE,HE103,2,SKU_16,200,1,200,8,Priority,True,A,Fast,0.5
HE,HE104,2,SKU_101,87,1,87,8,Priority,True,A,Fast,0.5
HE,HE110,2,SKU_108,352,2,176,8,Priority,True,A,Fast,1.0
HE,HE111,2,SKU_52,104,1,104,8,Priority,True,B,Fast,0.5
HE,HE112,2,SKU_58,400,1,400,8,Priority,True,B,Medium,0.5
HE,HE113,2,SKU_120,156,1,156,8,Priority,True,A,Fast,0.5
HE,HE114,2,SKU_61,51,2,26,8,Priority,True,A,Fast,1.0
HE,HE120,2,SKU_112,840,1,840,8,Priority,True,A,Medium,0.5
HE,HE121,2,SKU_136,130,2,65,8,Priority,True,A,Medium,1.0
HE,HE122,2,SKU_59,300,2,150,8,Priority,True,A,Fast,1.0
HE,HE123,2,SKU_90,300,1,300,8,Priority,True,A,Medium,0.5
HE,HE124,2,SKU_116,156,2,78,8,Priority,True,B,Fast,1.0
HE,HE130,2,SKU_136,130,2,65,8,Priority,True,A,Medium,1.0
HE,HE131,2,SKU_109,400,2,200,8,Priority,True,A,Medium,1.0
HE,HE132,2,SKU_138,130,2,65,8,Priority,True,A,Medium,1.0
HE,HE133,2,SKU_10,840,2,420,8,Priority,True,A,Fast,1.0
HE,HE134,2,SKU_54,104,1,104,8,Priority,True,A,Fast,0.5
HE,HE140,2,SKU_69,200,2,100,8,Priority,True,A,Medium,1.0
HE,HE141,2,SKU_34,96,1,96,8,Priority,True,A,Fast,0.5
HE,HE142,2,SKU_90,300,1,300,8,Priority,True,A,Fast,0.5
HE,HE144,2,SKU_129,840,1,840,8,Priority,True,A,Fast,0.5
HE,HE150,2,SKU_119,156,2,78,8,Priority,True,B,Medium,1.0
HE,HE151,2,SKU_11,840,2,420,8,Priority,True,B,Medium,1.0
HE,HE152,2,SKU_138,130,2,65,8,Priority,True,A,Fast,1.0
HE,HE153,2,SKU_141,400,1,400,8,Priority,True,A,Medium,0.5
HE,HE154,2,SKU_141,116,1,116,8,Priority,True,A,Slow,0.5
HE,HE163,2,SKU_151,400,1,400,8,Priority,True,C,Slow,0.5
HE,HE171,2,SKU_86,300,1,300,8,Priority,True,A,Medium,0.5
HE,HE172,2,SKU_53,104,2,52,8,Priority,True,A,Fast,1.0
HE,HE173,2,SKU_99,208,1,208,8,Priority,True,A,Medium,0.5
HE,HE174,2,SKU_12,200,2,100,8,Priority,True,B,Medium,1.0
HE,HE180,2,SKU_52,104,2,52,8,Priority,True,A,Fast,1.0
HE,HE181,2,SKU_11,840,1,840,8,Priority,True,B,Fast,0.5
HE,HE182,2,SKU_115,840,2,420,8,Priority,True,A,Fast,1.0
HE,HE183,2,SKU_103,300,1,300,8,Priority,True,C,Slow,0.5
HE,HE184,2,SKU_83,400,1,400,8,Priority,True,A,Fast,0.5
HE,HE190,2,SKU_136,130,2,65,8,Priority,True,C,Slow,1.0
HE,HE191,2,SKU_84,840,2,420,8,Priority,True,B,Slow,1.0
HE,HE192,2,SKU_68,840,1,840,8,Priority,True,A,Fast,0.5
HE,HE193,2,SKU_54,104,2,52,8,Priority,True,B,Fast,1.0
HE,HE194,2,SKU_108,400,2,200,8,Priority,True,A,Slow,1.0
HE,HE200,2,SKU_49,840,2,420,8,Priority,True,B,Medium,1.0
HE,HE201,2,SKU_115,840,2,420,8,Priority,True,A,Medium,1.0
HE,HE202,2,SKU_137,130,2,65,8,Priority,True,B,Medium,1.0
HE,HE203,2,SKU_75,840,2,420,8,Priority,True,B,Fast,1.0
HE,HE204,2,SKU_15,840,1,840,8,Priority,True,A,Fast,0.5
HF,HF010,3,SKU_90,300,2,150,9,Priority,True,A,Medium,0.6666666666666666
HF,HF011,3,SKU_138,130,3,43,9,Priority,True,A,Medium,1.0
HF,HF012,3,SKU_141,400,3,133,9,Priority,True,A,Fast,1.0
HF,HF013,3,SKU_33,400,1,400,9,Priority,True,B,Medium,0.3333333333333333
HF,HF014,3,SKU_37,840,3,280,9,Priority,True,A,Fast,1.0
HF,HF020,3,SKU_122,156,1,156,9,Priority,True,A,Fast,0.3333333333333333
HF,HF021,3,SKU_138,130,3,43,9,Priority,True,A,Medium,1.0
HF,HF022,3,SKU_58,400,3,133,9,Priority,True,A,Fast,1.0
HF,HF023,3,SKU_58,400,3,133,9,Priority,True,A,Fast,1.0
HF,HF030,3,SKU_122,156,3,52,9,Priority,True,A,Medium,1.0
HF,HF034,3,SKU_16,200,2,100,9,Priority,True,A,Medium,0.6666666666666666
HF,HF040,3,SKU_109,400,3,133,9,Priority,True,A,Fast,1.0
HF,HF041,3,SKU_68,840,3,280,9,Priority,True,A,Fast,1.0
HF,HF042,3,SKU_109,400,3,133,9,Priority,True,A,Medium,1.0
HF,HF044,3,SKU_118,156,3,52,9,Priority,True,A,Fast,1.0
HF,HF050,3,SKU_20,300,2,150,9,Priority,True,B,Medium,0.6666666666666666
HF,HF052,3,SKU_17,200,2,100,9,Priority,True,A,Fast,0.6666666666666666
HF,HF060,3,SKU_17,200,3,67,9,Priority,True,A,Fast,1.0
HF,HF062,3,SKU_136,130,2,65,9,Priority,True,A,Fast,0.6666666666666666
HF,HF063,3,SKU_39,96,2,48,9,Priority,True,A,Fast,0.6666666666666666
HF,HF070,3,SKU_15,840,3,280,9,Priority,True,A,Fast,1.0
HF,HF071,3,SKU_68,840,3,280,9,Priority,True,A,Fast,1.0
HF,HF072,3,SKU_84,840,2,420,9,Priority,True,C,Slow,0.6666666666666666
HF,HF080,3,SKU_53,104,1,104,9,Priority,True,A,Fast,0.3333333333333333
HF,HF081,3,SKU_15,840,3,280,9,Priority,True,A,Fast,1.0
HF,HF082,3,SKU_27,840,2,420,9,Priority,True,B,Medium,0.6666666666666666
HF,HF083,3,SKU_10,840,3,280,9,Priority,True,B,Fast,1.0
HF,HF091,3,SKU_85,840,2,420,9,Priority,True,A,Fast,0.6666666666666666
HF,HF093,3,SKU_10,840,3,280,9,Priority,True,A,Medium,1.0
HF,HF100,3,SKU_145,840,2,420,9,Priority,True,A,Fast,0.6666666666666666
HF,HF101,3,SKU_27,840,2,420,9,Priority,True,B,Medium,0.6666666666666666
HF,HF102,3,SKU_106,840,3,280,9,Priority,True,B,Medium,1.0
HF,HF103,3,SKU_65,400,3,133,9,Priority,True,C,Medium,1.0
HF,HF111,3,SKU_12,200,3,67,9,Priority,True,A,Fast,1.0
HF,HF112,3,SKU_12,200,3,67,9,Priority,True,B,Slow,1.0
HF,HF113,3,SKU_125,840,1,840,9,Priority,True,A,Medium,0.3333333333333333
HF,HF120,3,SKU_9,400,2,200,9,Priority,True,A,Fast,0.6666666666666666
HF,HF122,3,SKU_136,130,3,43,9,Priority,True,A,Medium,1.0
HF,HF131,3,SKU_139,130,3,43,9,Priority,True,A,Medium,1.0
HF,HF132,3,SKU_139,130,3,43,9,Priority,True,A,Fast,1.0
HF,HF140,3,SKU_136,130,3,43,9,Priority,True,A,Fast,1.0
HF,HF141,3,SKU_17,200,3,67,9,Priority,True,A,Fast,1.0
HF,HF143,3,SKU_51,104,2,52,9,Priority,True,A,Fast,0.6666666666666666
HF,HF150,3,SKU_68,840,3,280,9,Priority,True,A,Slow,1.0
HF,HF151,3,SKU_17,200,3,67,9,Priority,True,A,Slow,1.0
HF,HF152,3,SKU_64,10800,2,5400,9,Priority,True,A,Fast,0.6666666666666666
HF,HF160,3,SKU_150,840,2,420,9,Priority,True,A,Slow,0.6666666666666666
HF,HF161,3,SKU_68,840,3,280,9,Priority,True,A,Fast,1.0
HF,HF170,3,SKU_113,840,3,280,9,Priority,True,A,Fast,1.0
HF,HF171,3,SKU_113,840,3,280,9,Priority,True,A,Medium,1.0
HF,HF173,3,SKU_65,400,3,133,9,Priority,True,A,Medium,1.0
HF,HF181,3,SKU_24,200,2,100,9,Priority,True,A,Slow,0.6666666666666666
HF,HF183,3,SKU_70,112,2,56,9,Priority,True,A,Medium,0.6666666666666666
HF,HF190,3,SKU_74,200,2,100,9,Priority,True,A,Fast,0.6666666666666666
HF,HF191,3,SKU_61,110,3,37,9,Priority,True,A,Slow,1.0
HG,HG010,3,SKU_136,130,3,43,10,Priority,True,A,Fast,1.0
HG,HG011,3,SKU_27,840,2,420,10,Priority,True,A,Medium,0.6666666666666666
HG,HG012,3,SKU_27,840,2,420,10,Priority,True,A,Slow,0.6666666666666666
HG,HG013,3,SKU_17,200,3,67,10,Priority,True,A,Fast,1.0
HG,HG014,3,SKU_68,840,1,840,10,Priority,True,B,Medium,0.3333333333333333
HG,HG020,3,SKU_53,104,3,35,10,Priority,True,A,Medium,1.0
HG,HG021,3,SKU_25,840,2,420,10,Priority,True,B,Medium,0.6666666666666666
HG,HG022,3,SKU_37,840,1,840,10,Priority,True,B,Medium,0.3333333333333333
HG,HG030,3,SKU_59,300,2,150,10,Priority,True,A,Fast,0.6666666666666666
HG,HG031,3,SKU_128,840,3,280,10,Priority,True,A,Fast,1.0
HG,HG032,3,SKU_45,840,2,420,10,Priority,True,A,Fast,0.6666666666666666
HG,HG040,3,SKU_12,200,3,67,10,Priority,True,A,Fast,1.0
HG,HG041,3,SKU_105,840,3,280,10,Priority,True,C,Slow,1.0
HG,HG042,3,SKU_143,840,2,420,10,Priority,True,A,Fast,0.6666666666666666
HG,HG050,3,SKU_139,130,3,43,10,Priority,True,A,Fast,1.0
HG,HG051,3,SKU_147,400,3,133,10,Priority,True,B,Fast,1.0
HG,HG052,3,SKU_75,840,2,420,10,Priority,True,A,Fast,0.6666666666666666
HG,HG053,3,SKU_44,840,2,420,10,Priority,True,B,Medium,0.6666666666666666
HG,HG061,3,SKU_18,840,2,420,10,Priority,True,C,Slow,0.6666666666666666
HG,HG062,3,SKU_12,200,2,100,10,Priority,True,A,Fast,0.6666666666666666
HG,HG063,3,SKU_16,200,3,67,10,Priority,True,A,Medium,1.0
HG,HG064,3,SKU_16,200,1,200,10,Priority,True,A,Fast,0.3333333333333333
HG,HG070,3,SKU_85,840,3,280,10,Priority,True,A,Fast,1.0
HG,HG071,3,SKU_10,840,3,280,10,Priority,True,A,Fast,1.0
HG,HG072,3,SKU_143,840,3,280,10,Priority,True,A,Slow,1.0
HG,HG073,3,SKU_144,200,2,100,10,Priority,True,A,Medium,0.6666666666666666
HG,HG080,3,SKU_135,400,2,200,10,Priority,True,A,Fast,0.6666666666666666
HG,HG081,3,SKU_85,840,3,280,10,Priority,True,B,Slow,1.0
HG,HG082,3,SKU_143,840,3,280,10,Priority,True,A,Fast,1.0
HG,HG083,3,SKU_20,300,2,150,10,Priority,True,A,Medium,0.6666666666666666
HG,HG091,3,SKU_39,96,3,32,10,Priority,True,B,Slow,1.0
HG,HG092,3,SKU_27,840,3,280,10,Priority,True,A,Fast,1.0
HG,HG100,3,SKU_87,300,2,150,10,Priority,True,B,Medium,0.6666666666666666
HG,HG101,3,SKU_85,840,2,420,10,Priority,True,C,Medium,0.6666666666666666
HG,HG102,3,SKU_27,840,1,840,10,Priority,True,A,Fast,0.3333333333333333
HG,HG103,3,SKU_139,130,3,43,10,Priority,True,A,Fast,1.0
HG,HG110,3,SKU_39,96,3,32,10,Priority,True,A,Medium,1.0
HG,HG111,3,SKU_70,112,2,56,10,Priority,True,A,Fast,0.6666666666666666
HG,HG112,3,SKU_75,840,3,280,10,Priority,True,C,Slow,1.0
HG,HG113,3,SKU_139,130,3,43,10,Priority,True,A,Fast,1.0
HG,HG120,3,SKU_25,840,3,280,10,Priority,True,B,Medium,1.0
HG,HG121,3,SKU_12,200,3,67,10,Priority,True,A,Fast,1.0
HG,HG122,3,SKU_45,840,2,420,10,Priority,True,A,Medium,0.6666666666666666
HG,HG130,3,SKU_139,130,3,43,10,Priority,True,A,Fast,1.0
HG,HG131,3,SKU_12,200,3,67,10,Priority,True,A,Fast,1.0
HG,HG132,3,SKU_15,840,2,420,10,Priority,True,B,Medium,0.6666666666666666
HG,HG133,3,SKU_12,200,2,100,10,Priority,True,B,Slow,0.6666666666666666
HG,HG140,3,SKU_139,130,3,43,10,Priority,True,A,Medium,1.0
HG,HG141,3,SKU_18,840,3,280,10,Priority,True,A,Fast,1.0
HG,HG142,3,SKU_45,840,3,280,10,Priority,True,C,Slow,1.0
HG,HG150,3,SKU_18,840,3,280,10,Priority,True,B,Medium,1.0
HG,HG151,3,SKU_18,840,3,280,10,Priority,True,A,Fast,1.0
HG,HG152,3,SKU_41,840,2,420,10,Priority,True,A,Fast,0.6666666666666666
HG,HG160,3,SKU_12,200,3,67,10,Priority,True,A,Fast,1.0
HG,HG161,3,SKU_45,840,3,280,10,Priority,True,A,Medium,1.0
HG,HG162,3,SKU_144,200,3,67,10,Priority,True,A,Fast,1.0
HG,HG163,3,SKU_138,130,3,43,10,Priority,True,B,Medium,1.0
HG,HG170,3,SKU_18,840,3,280,10,Priority,True,B,Fast,1.0
HG,HG171,3,SKU_75,840,3,280,10,Priority,True,A,Slow,1.0
HG,HG172,3,SKU_114,200,2,100,10,Priority,True,C,Slow,0.6666666666666666
HG,HG180,3,SKU_120,156,3,52,10,Priority,True,A,Slow,1.0
HG,HG181,3,SKU_147,400,2,200,10,Priority,True,B,Medium,0.6666666666666666
HG,HG182,3,SKU_72,400,2,200,10,Priority,True,B,Medium,0.6666666666666666
HG,HG183,3,SKU_135,400,3,133,10,Priority,True,A,Fast,1.0
HG,HG184,3,SKU_135,400,2,200,10,Priority,True,B,Slow,0.6666666666666666
HG,HG190,3,SKU_18,840,3,280,10,Priority,True,C,Slow,1.0
HG,HG191,3,SKU_15,840,3,280,10,Priority,True,A,Medium,1.0
HG,HG192,3,SKU_15,840,1,840,10,Priority,True,B,Slow,0.3333333333333333
HG,HG193,3,SKU_120,156,3,52,10,Priority,True,A,Fast,1.0
HG,HG194,3,SKU_135,400,3,133,10,Priority,True,A,Fast,1.0
HG,HG200,3,SKU_18,840,3,280,10,Priority,True,A,Fast,1.0
HG,HG201,3,SKU_16,200,1,200,10,Priority,True,B,Medium,0.3333333333333333
HG,HG203,3,SKU_138,130,3,43,10,Priority,True,A,Medium,1.0
HG,HG204,3,SKU_135,400,3,133,10,Priority,True,B,Medium,1.0
HH,HH010,4,SKU_11,840,4,210,11,Priority,True,B,Slow,1.0
HH,HH011,4,SKU_68,840,4,210,11,Priority,True,A,Fast,1.0
HH,HH012,4,SKU_11,840,3,280,11,Priority,True,B,Slow,0.75
HH,HH013,4,SKU_68,840,4,210,11,Priority,True,A,Medium,1.0
HH,HH020,4,SKU_69,200,4,50,11,Priority,True,A,Slow,1.0
HH,HH021,4,SKU_68,840,4,210,11,Priority,True,A,Fast,1.0
HH,HH022,4,SKU_68,840,4,210,11,Priority,True,A,Slow,1.0
HH,HH023,4,SKU_68,840,4,210,11,Priority,True,A,Fast,1.0
HH,HH030,4,SKU_12,200,4,50,11,Priority,True,B,Fast,1.0
HH,HH031,4,SKU_18,840,4,210,11,Priority,True,A,Fast,1.0
HH,HH032,4,SKU_115,840,4,210,11,Priority,True,A,Fast,1.0
HH,HH033,4,SKU_137,130,4,33,11,Priority,True,B,Medium,1.0
HH,HH034,4,SKU_137,130,4,33,11,Priority,True,A,Slow,1.0
HH,HH040,4,SKU_136,130,4,33,11,Priority,True,B,Slow,1.0
HH,HH043,4,SKU_116,156,4,39,11,Priority,True,B,Fast,1.0
HH,HH050,4,SKU_102,400,4,100,11,Priority,True,A,Medium,1.0
HH,HH051,4,SKU_12,200,4,50,11,Priority,True,A,Fast,1.0
HH,HH052,4,SKU_11,840,4,210,11,Priority,True,C,Medium,1.0
HH,HH053,4,SKU_137,130,4,33,11,Priority,True,A,Medium,1.0
HH,HH054,4,SKU_137,130,4,33,11,Priority,True,B,Medium,1.0
HH,HH060,4,SKU_140,130,4,33,11,Priority,True,A,Medium,1.0
HH,HH061,4,SKU_20,300,4,75,11,Priority,True,B,Fast,1.0
HH,HH062,4,SKU_12,200,4,50,11,Priority,True,A,Medium,1.0
HH,HH063,4,SKU_115,840,4,210,11,Priority,True,A,Medium,1.0
HH,HH070,4,SKU_122,156,4,39,11,Priority,True,A,Fast,1.0
HH,HH071,4,SKU_34,96,4,24,11,Priority,True,B,Medium,1.0
HH,HH072,4,SKU_140,130,4,33,11,Priority,True,A,Medium,1.0
HH,HH073,4,SKU_17,200,4,50,11,Priority,True,A,Fast,1.0
HH,HH080,4,SKU_15,840,4,210,11,Priority,True,A,Slow,1.0
HH,HH081,4,SKU_69,200,4,50,11,Priority,True,A,Fast,1.0
HH,HH082,4,SKU_137,130,4,33,11,Priority,True,A,Slow,1.0
HH,HH083,4,SKU_147,400,1,400,11,Priority,True,A,Slow,0.25
HH,HH090,4,SKU_59,300,4,75,11,Priority,True,A,Fast,1.0
HH,HH091,4,SKU_18,840,4,210,11,Priority,True,A,Slow,1.0
HH,HH092,4,SKU_10,840,4,210,11,Priority,True,B,Medium,1.0
HH,HH093,4,SKU_17,200,4,50,11,Priority,True,A,Fast,1.0
HH,HH094,4,SKU_138,130,4,33,11,Priority,True,B,Medium,1.0
HH,HH100,4,SKU_25,840,3,280,11,Priority,True,A,Fast,0.75
HH,HH101,4,SKU_18,840,4,210,11,Priority,True,A,Slow,1.0
HH,HH102,4,SKU_53,104,1,104,11,Priority,True,A,Fast,0.25
HH,HH103,4,SKU_17,200,4,50,11,Priority,True,A,Medium,1.0
HH,HH110,4,SKU_140,130,4,33,11,Priority,True,A,Fast,1.0
HH,HH111,4,SKU_11,840,4,210,11,Priority,True,A,Fast,1.0
HH,HH112,4,SKU_136,130,4,33,11,Priority,True,B,Medium,1.0
HH,HH113,4,SKU_138,130,4,33,11,Priority,True,A,Fast,1.0
HH,HH120,4,SKU_138,130,4,33,11,Priority,True,A,Fast,1.0
HH,HH121,4,SKU_39,96,4,24,11,Priority,True,A,Fast,1.0
HH,HH122,4,SKU_12,200,4,50,11,Priority,True,B,Fast,1.0
HH,HH124,4,SKU_152,156,4,39,11,Priority,True,C,Slow,1.0
HH,HH130,4,SKU_138,130,4,33,11,Priority,True,A,Fast,1.0
HH,HH131,4,SKU_140,130,4,33,11,Priority,True,A,Medium,1.0
HH,HH132,4,SKU_151,400,4,100,11,Priority,True,A,Slow,1.0
HH,HH133,4,SKU_15,840,3,280,11,Priority,True,A,Fast,0.75
HH,HH134,4,SKU_17,200,1,200,11,Priority,True,A,Fast,0.25
HH,HH140,4,SKU_11,840,4,210,11,Priority,True,A,Fast,1.0
HH,HH143,4,SKU_87,300,4,75,11,Priority,True,A,Fast,1.0
HH,HH144,4,SKU_116,156,4,39,11,Priority,True,A,Fast,1.0
HH,HH150,4,SKU_13,200,4,50,11,Priority,True,A,Fast,1.0
HH,HH151,4,SKU_40,96,4,24,11,Priority,True,C,Slow,1.0
HH,HH152,4,SKU_151,400,4,100,11,Priority,True,A,Fast,1.0
HH,HH153,4,SKU_137,130,4,33,11,Priority,True,A,Fast,1.0
HH,HH154,4,SKU_17,200,4,50,11,Priority,True,A,Fast,1.0
HH,HH160,4,SKU_13,200,4,50,11,Priority,True,B,Medium,1.0
HH,HH161,4,SKU_41,840,4,210,11,Priority,True,A,Fast,1.0
HH,HH162,4,SKU_15,840,4,210,11,Priority,True,B,Slow,1.0
HH,HH163,4,SKU_12,200,4,50,11,Priority,True,A,Fast,1.0
HH,HH164,4,SKU_18,840,2,420,11,Priority,True,A,Medium,0.5
HH,HH170,4,SKU_41,840,4,210,11,Priority,True,A,Medium,1.0
HH,HH171,4,SKU_18,840,4,210,11,Priority,True,A,Fast,1.0
HH,HH172,4,SKU_15,840,4,210,11,Priority,True,A,Medium,1.0
HH,HH173,4,SKU_10,840,4,210,11,Priority,True,C,Slow,1.0
HH,HH174,4,SKU_116,156,4,39,11,Priority,True,A,Medium,1.0
HH,HH180,4,SKU_139,130,4,33,11,Priority,True,B,Medium,1.0
HH,HH182,4,SKU_138,130,4,33,11,Priority,True,A,Fast,1.0
HH,HH183,4,SKU_136,130,4,33,11,Priority,True,A,Medium,1.0
HH,HH184,4,SKU_116,156,4,39,11,Priority,True,A,Fast,1.0
HH,HH190,4,SKU_116,156,4,39,11,Priority,True,A,Medium,1.0
HH,HH191,4,SKU_152,156,4,39,11,Priority,True,A,Fast,1.0
HH,HH192,4,SKU_140,130,4,33,11,Priority,True,A,Slow,1.0
HH,HH194,4,SKU_136,130,4,33,11,Priority,True,A,Fast,1.0
HI,HI010,4,SKU_88,300,4,75,12,Priority,True,C,Slow,1.0
HI,HI011,4,SKU_40,96,4,24,12,Priority,True,A,Fast,1.0
HI,HI012,4,SKU_136,130,4,33,12,Priority,True,B,Fast,1.0
HI,HI013,4,SKU_39,96,4,24,12,Priority,True,A,Medium,1.0
HI,HI014,4,SKU_44,840,4,210,12,Priority,True,B,Slow,1.0
HI,HI020,4,SKU_115,840,2,420,12,Priority,True,A,Medium,0.5
HI,HI021,4,SKU_40,96,4,24,12,Priority,True,A,Medium,1.0
HI,HI022,4,SKU_136,130,4,33,12,Priority,True,A,Fast,1.0
HI,HI023,4,SKU_137,130,4,33,12,Priority,True,A,Medium,1.0
HI,HI024,4,SKU_44,840,4,210,12,Priority,True,B,Medium,1.0
HI,HI030,4,SKU_15,840,4,210,12,Priority,True,C,Slow,1.0
HI,HI031,4,SKU_148,400,4,100,12,Priority,True,A,Fast,1.0
HI,HI032,4,SKU_12,200,4,50,12,Priority,True,A,Fast,1.0
HI,HI033,4,SKU_69,200,4,50,12,Priority,True,A,Fast,1.0
HI,HI034,4,SKU_17,200,4,50,12,Priority,True,B,Medium,1.0
HI,HI040,4,SKU_12,200,4,50,12,Priority,True,C,Slow,1.0
HI,HI042,4,SKU_138,130,4,33,12,Priority,True,A,Medium,1.0
HI,HI043,4,SKU_137,130,4,33,12,Priority,True,A,Fast,1.0
HI,HI050,4,SKU_12,200,4,50,12,Priority,True,A,Fast,1.0
HI,HI051,4,SKU_10,840,4,210,12,Priority,True,A,Fast,1.0
HI,HI052,4,SKU_109,400,4,100,12,Priority,True,A,Fast,1.0
HI,HI053,4,SKU_120,156,4,39,12,Priority,True,A,Fast,1.0
HI,HI060,4,SKU_12,200,4,50,12,Priority,True,A,Fast,1.0
HI,HI061,4,SKU_18,840,4,210,12,Priority,True,A,Fast,1.0
HI,HI062,4,SKU_12,200,4,50,12,Priority,True,A,Slow,1.0
HI,HI063,4,SKU_12,200,4,50,12,Priority,True,A,Fast,1.0
HI,HI070,4,SKU_15,840,4,210,12,Priority,True,A,Medium,1.0
HI,HI071,4,SKU_140,130,4,33,12,Priority,True,B,Medium,1.0
HI,HI073,4,SKU_53,104,4,26,12,Priority,True,B,Slow,1.0
HI,HI074,4,SKU_67,840,2,420,12,Priority,True,A,Slow,0.5
HI,HI080,4,SKU_15,840,4,210,12,Priority,True,A,Fast,1.0
HI,HI081,4,SKU_18,840,4,210,12,Priority,True,C,Medium,1.0
HI,HI082,4,SKU_10,840,4,210,12,Priority,True,B,Fast,1.0
HI,HI083,4,SKU_27,840,4,210,12,Priority,True,A,Fast,1.0
HI,HI084,4,SKU_135,400,4,100,12,Priority,True,A,Fast,1.0
HI,HI092,4,SKU_136,130,4,33,12,Priority,True,C,Slow,1.0
HI,HI093,4,SKU_18,840,3,280,12,Priority,True,A,Fast,0.75
HI,HI094,4,SKU_67,840,4,210,12,Priority,True,A,Fast,1.0
HI,HI100,4,SKU_18,840,4,210,12,Priority,True,A,Fast,1.0
HI,HI101,4,SKU_12,200,4,50,12,Priority,True,C,Slow,1.0
HI,HI102,4,SKU_109,400,4,100,12,Priority,True,B,Medium,1.0
HI,HI103,4,SKU_18,840,4,210,12,Priority,True,A,Slow,1.0
HI,HI110,4,SKU_138,130,4,33,12,Priority,True,A,Fast,1.0
HI,HI111,4,SKU_114,200,4,50,12,Priority,True,A,Medium,1.0
HI,HI112,4,SKU_139,130,4,33,12,Priority,True,B,Slow,1.0
HI,HI113,4,SKU_68,840,4,210,12,Priority,True,A,Medium,1.0
HI,HI120,4,SKU_69,200,4,50,12,Priority,True,A,Medium,1.0
HI,HI121,4,SKU_119,156,4,39,12,Priority,True,A,Medium,1.0
HI,HI122,4,SKU_114,200,4,50,12,Priority,True,A,Fast,1.0
HI,HI123,4,SKU_114,200,4,50,12,Priority,True,A,Fast,1.0
HI,HI130,4,SKU_138,130,4,33,12,Priority,True,C,Slow,1.0
HI,HI131,4,SKU_116,156,4,39,12,Priority,True,A,Fast,1.0
HI,HI132,4,SKU_114,200,4,50,12,Priority,True,A,Fast,1.0
HI,HI133,4,SKU_17,200,4,50,12,Priority,True,A,Fast,1.0
HI,HI140,4,SKU_18,840,4,210,12,Priority,True,A,Fast,1.0
HI,HI141,4,SKU_147,400,4,100,12,Priority,True,A,Fast,1.0
HI,HI142,4,SKU_15,840,4,210,12,Priority,True,A,Medium,1.0
HI,HI143,4,SKU_39,96,4,24,12,Priority,True,A,Fast,1.0
HI,HI150,4,SKU_34,96,4,24,12,Priority,True,A,Medium,1.0
HI,HI151,4,SKU_18,840,4,210,12,Priority,True,C,Medium,1.0
HI,HI152,4,SKU_140,130,4,33,12,Priority,True,B,Medium,1.0
HI,HI153,4,SKU_140,130,4,33,12,Priority,True,A,Fast,1.0
HI,HI161,4,SKU_18,840,4,210,12,Priority,True,C,Medium,1.0
HI,HI162,4,SKU_136,130,4,33,12,Priority,True,C,Slow,1.0
HI,HI163,4,SKU_39,96,4,24,12,Priority,True,A,Medium,1.0
HI,HI171,4,SKU_24,200,4,50,12,Priority,True,A,Fast,1.0
HI,HI172,4,SKU_75,840,4,210,12,Priority,True,A,Fast,1.0
HI,HI173,4,SKU_53,104,4,26,12,Priority,True,B,Fast,1.0
HI,HI180,4,SKU_138,130,4,33,12,Priority,True,A,Slow,1.0
HI,HI181,4,SKU_69,200,4,50,12,Priority,True,A,Medium,1.0
HI,HI182,4,SKU_68,840,4,210,12,Priority,True,C,Slow,1.0
HI,HI183,4,SKU_17,200,4,50,12,Priority,True,A,Fast,1.0
HI,HI190,4,SKU_18,840,4,210,12,Priority,True,A,Slow,1.0
HI,HI191,4,SKU_75,840,4,210,12,Priority,True,A,Fast,1.0
HI,HI192,4,SKU_69,200,4,50,12,Priority,True,A,Slow,1.0
HI,HI193,4,SKU_121,156,3,52,12,Priority,True,A,Fast,0.75
HI,HI200,4,SKU_75,840,4,210,12,Priority,True,A,Medium,1.0
HI,HI201,4,SKU_53,104,4,26,12,Priority,True,A,Medium,1.0
HI,HI202,4,SKU_137,130,4,33,12,Priority,True,A,Fast,1.0
HI,HI203,4,SKU_136,130,4,33,12,Priority,True,B,Fast,1.0
HJ,HJ010,16,SKU_70,112,16,7,13,Priority,True,A,Fast,1.0
HJ,HJ011,4,SKU_10,840,2,420,13,Priority,True,A,Fast,0.5
HJ,HJ021,4,SKU_16,200,4,50,13,Priority,True,A,Medium,1.0
HJ,HJ030,16,SKU_74,200,4,50,13,Priority,True,C,Slow,0.25
HJ,HJ031,4,SKU_51,104,3,35,13,Priority,True,B,Slow,0.75
HJ,HJ040,16,SKU_116,156,16,10,13,Priority,True,A,Fast,1.0
HJ,HJ042,4,SKU_13,200,4,50,13,Priority,True,A,Medium,1.0
HJ,HJ051,4,SKU_10,840,4,210,13,Priority,True,A,Fast,1.0
HJ,HJ052,4,SKU_39,96,4,24,13,Priority,True,A,Slow,1.0
HJ,HJ060,16,SKU_34,96,16,6,13,Priority,True,C,Slow,1.0
HJ,HJ061,4,SKU_13,200,4,50,13,Priority,True,A,Fast,1.0
HJ,HJ062,4,SKU_39,96,4,24,13,Priority,True,A,Slow,1.0
HJ,HJ070,16,SKU_110,840,12,70,13,Priority,True,C,Medium,0.75
HJ,HJ071,4,SKU_136,130,4,33,13,Priority,True,A,Fast,1.0
HJ,HJ072,4,SKU_39,96,4,24,13,Priority,True,A,Medium,1.0
HJ,HJ080,16,SKU_119,156,16,10,13,Priority,True,A,Fast,1.0
HJ,HJ081,4,SKU_39,96,4,24,13,Priority,True,A,Medium,1.0
HJ,HJ082,4,SKU_13,200,4,50,13,Priority,True,A,Slow,1.0
HJ,HJ090,16,SKU_39,96,16,6,13,Priority,True,B,Medium,1.0
HJ,HJ091,4,SKU_35,96,4,24,13,Priority,True,A,Medium,1.0
HJ,HJ092,4,SKU_45,840,4,210,13,Priority,True,B,Fast,1.0
HJ,HJ100,16,SKU_116,156,16,10,13,Priority,True,A,Fast,1.0
HJ,HJ101,4,SKU_51,104,4,26,13,Priority,True,A,Slow,1.0
HJ,HJ102,4,SKU_45,840,4,210,13,Priority,True,C,Slow,1.0
HJ,HJ110,16,SKU_105,840,16,53,13,Priority,True,A,Fast,1.0
HJ,HJ111,4,SKU_136,130,4,33,13,Priority,True,A,Slow,1.0
HJ,HJ112,4,SKU_45,840,3,280,13,Priority,True,A,Fast,0.75
HJ,HJ120,16,SKU_70,112,16,7,13,Priority,True,C,Slow,1.0
HJ,HJ121,4,SKU_136,130,4,33,13,Priority,True,A,Medium,1.0
HJ,HJ122,4,SKU_116,156,4,39,13,Priority,True,A,Fast,1.0
HJ,HJ130,16,SKU_105,840,14,60,13,Priority,True,A,Medium,0.875
HJ,HJ131,4,SKU_139,130,3,43,13,Priority,True,A,Medium,0.75
HJ,HJ132,4,SKU_116,156,4,39,13,Priority,True,A,Medium,1.0
HJ,HJ140,16,SKU_151,400,16,25,13,Priority,True,A,Fast,1.0
HJ,HJ141,4,SKU_140,130,4,33,13,Priority,True,C,Medium,1.0
HJ,HJ142,4,SKU_116,156,4,39,13,Priority,True,C,Slow,1.0
HJ,HJ150,16,SKU_107,840,5,168,13,Priority,True,A,Medium,0.3125
HJ,HJ151,4,SKU_139,130,4,33,13,Priority,True,A,Medium,1.0
HJ,HJ152,4,SKU_116,156,4,39,13,Priority,True,B,Medium,1.0
HJ,HJ160,16,SKU_52,104,16,7,13,Priority,True,A,Fast,1.0
HJ,HJ161,4,SKU_44,840,4,210,13,Priority,True,B,Fast,1.0
HJ,HJ162,4,SKU_116,156,4,39,13,Priority,True,A,Fast,1.0
HJ,HJ170,16,SKU_106,840,16,53,13,Priority,True,A,Fast,1.0
HJ,HJ171,4,SKU_44,840,4,210,13,Priority,True,B,Medium,1.0
HJ,HJ172,4,SKU_116,156,4,39,13,Priority,True,C,Medium,1.0
HJ,HJ181,4,SKU_139,130,4,33,13,Priority,True,A,Fast,1.0
HJ,HJ182,4,SKU_45,840,2,420,13,Priority,True,A,Fast,0.5
HK,HK010,20,SKU_124,840,12,70,14,Priority,True,A,Fast,0.6
HK,HK011,5,SKU_42,840,3,280,14,Priority,True,C,Slow,0.6
HK,HK012,5,SKU_49,840,1,840,14,Priority,True,A,Fast,0.2
HK,HK022,5,SKU_49,840,5,168,14,Priority,True,B,Medium,1.0
HK,HK030,20,SKU_28,300,17,18,14,Priority,True,B,Fast,0.85
HK,HK031,5,SKU_49,840,5,168,14,Priority,True,A,Fast,1.0
HK,HK032,5,SKU_49,840,5,168,14,Priority,True,B,Medium,1.0
HK,HK040,20,SKU_119,156,20,8,14,Priority,True,A,Fast,1.0
HK,HK041,5,SKU_49,840,5,168,14,Priority,True,C,Medium,1.0
HK,HK042,5,SKU_49,840,5,168,14,Priority,True,A,Fast,1.0
HK,HK050,20,SKU_65,400,20,20,14,Priority,True,B,Fast,1.0
HK,HK051,5,SKU_49,840,5,168,14,Priority,True,A,Slow,1.0
HK,HK052,5,SKU_143,840,4,210,14,Priority,True,A,Slow,0.8
HK,HK060,20,SKU_61,112,20,6,14,Priority,True,A,Slow,1.0
HK,HK061,5,SKU_68,840,5,168,14,Priority,True,C,Slow,1.0
HK,HK062,5,SKU_49,840,5,168,14,Priority,True,A,Fast,1.0
HK,HK071,5,SKU_68,840,5,168,14,Priority,True,A,Fast,1.0
HK,HK080,20,SKU_150,840,20,42,14,Priority,True,A,Fast,1.0
HK,HK090,20,SKU_110,840,20,42,14,Priority,True,A,Fast,1.0
HK,HK100,20,SKU_39,96,10,10,14,Priority,True,A,Fast,0.5
HK,HK101,5,SKU_48,48,1,48,14,Priority,True,A,Fast,0.2
HK,HK110,20,SKU_106,840,13,65,14,Priority,True,A,Fast,0.65
HK,HK111,5,SKU_79,200,3,67,14,Priority,True,A,Fast,0.6
HK,HK112,5,SKU_68,840,5,168,14,Priority,True,A,Fast,1.0
HK,HK122,5,SKU_68,840,5,168,14,Priority,True,A,Fast,1.0
HK,HK132,5,SKU_68,840,5,168,14,Priority,True,A,Fast,1.0
HK,HK140,20,SKU_105,840,19,44,14,Priority,True,A,Fast,0.95
HK,HK141,5,SKU_135,400,5,80,14,Priority,True,B,Medium,1.0
HK,HK142,5,SKU_68,840,5,168,14,Priority,True,A,Fast,1.0
HK,HK150,20,SKU_53,104,20,5,14,Priority,True,B,Fast,1.0
HK,HK151,5,SKU_124,840,5,168,14,Priority,True,B,Fast,1.0
HK,HK152,5,SKU_26,840,2,420,14,Priority,True,B,Medium,0.4
HK,HK160,20,SKU_150,840,20,42,14,Priority,True,A,Slow,1.0
HK,HK161,5,SKU_35,96,4,24,14,Priority,True,A,Fast,0.8
HK,HK162,5,SKU_26,840,5,168,14,Priority,True,B,Medium,1.0
HK,HK170,20,SKU_150,840,19,44,14,Priority,True,C,Slow,0.95
HK,HK172,5,SKU_26,840,5,168,14,Priority,True,A,Fast,1.0
HK,HK180,20,SKU_106,840,20,42,14,Priority,True,A,Fast,1.0
HK,HK182,5,SKU_84,840,5,168,14,Priority,True,A,Medium,1.0
HL,HL010,16,SKU_53,104,16,7,15,Priority,True,A,Medium,1.0
HL,HL012,4,SKU_121,156,4,39,15,Priority,True,B,Slow,1.0
HL,HL020,16,SKU_117,156,15,10,15,Priority,True,B,Fast,0.9375
HL,HL031,4,SKU_40,96,4,24,15,Priority,True,A,Fast,1.0
HL,HL032,4,SKU_121,156,4,39,15,Priority,True,A,Slow,1.0
HL,HL042,4,SKU_121,156,4,39,15,Priority,True,A,Fast,1.0
HL,HL050,16,SKU_65,400,16,25,15,Priority,True,B,Medium,1.0
HL,HL051,4,SKU_121,156,4,39,15,Priority,True,A,Slow,1.0
HL,HL052,4,SKU_61,112,1,112,15,Priority,True,A,Slow,0.25
HL,HL060B,16,SKU_39,96,12,8,15,Priority,True,A,Fast,0.75
HL,HL061,4,SKU_10,840,4,210,15,Priority,True,A,Medium,1.0
HL,HL062,4,SKU_68,840,4,210,15,Priority,True,C,Slow,1.0
HL,HL070,16,SKU_105,840,16,53,15,Priority,True,A,Fast,1.0
HL,HL071,4,SKU_40,96,2,48,15,Priority,True,A,Fast,0.5
HL,HL072,4,SKU_68,840,4,210,15,Priority,True,A,Fast,1.0
HL,HL080,16,SKU_119,156,16,10,15,Priority,True,B,Slow,1.0
HL,HL081,4,SKU_10,840,4,210,15,Priority,True,B,Medium,1.0
HL,HL082,4,SKU_68,840,4,210,15,Priority,True,B,Fast,1.0
HL,HL090,16,SKU_107,840,16,53,15,Priority,True,A,Fast,1.0
HL,HL091,4,SKU_12,200,4,50,15,Priority,True,A,Fast,1.0
HL,HL092,4,SKU_68,840,4,210,15,Priority,True,B,Medium,1.0
HL,HL101,4,SKU_116,156,4,39,15,Priority,True,B,Medium,1.0
HL,HL102,4,SKU_99,208,1,208,15,Priority,True,B,Medium,0.25
HL,HL110,16,SKU_40,96,16,6,15,Priority,True,A,Slow,1.0
HL,HL112,4,SKU_99,208,4,52,15,Priority,True,A,Fast,1.0
HL,HL120,16,SKU_31,400,16,25,15,Priority,True,A,Medium,1.0
HL,HL141,4,SKU_105,840,4,210,15,Priority,True,C,Slow,1.0
HL,HL150,16,SKU_116,156,16,10,15,Priority,True,C,Medium,1.0
HL,HL151,4,SKU_84,840,4,210,15,Priority,True,B,Medium,1.0
HL,HL160,16,SKU_34,96,15,6,15,Priority,True,A,Medium,0.9375
HL,HL161,4,SKU_51,104,4,26,15,Priority,True,A,Medium,1.0
HM,HM010,16,SKU_30,400,16,25,16,Standard,True,B,Medium,1.0
HM,HM011,4,SKU_24,200,4,50,16,Standard,True,C,Slow,1.0
HM,HM012,4,SKU_45,840,4,210,16,Standard,True,B,Medium,1.0
HM,HM020,16,SKU_34,96,11,9,16,Standard,True,B,Medium,0.6875
HM,HM021,4,SKU_24,200,4,50,16,Standard,True,C,Slow,1.0
HM,HM022,4,SKU_45,840,1,840,16,Standard,True,A,Medium,0.25
HM,HM030,16,SKU_124,840,16,53,16,Standard,True,B,Slow,1.0
HM,HM031,4,SKU_24,200,4,50,16,Standard,True,B,Fast,1.0
HM,HM032,4,SKU_45,840,4,210,16,Standard,True,B,Slow,1.0
HM,HM040,16,SKU_39,96,14,7,16,Standard,True,B,Medium,0.875
HM,HM041,4,SKU_24,200,4,50,16,Standard,True,B,Medium,1.0
HM,HM042,4,SKU_45,840,2,420,16,Standard,True,B,Medium,0.5
HM,HM051,4,SKU_27,840,4,210,16,Standard,True,B,Slow,1.0
HM,HM052,4,SKU_49,840,4,210,16,Standard,True,B,Medium,1.0
HM,HM060,16,SKU_76,840,15,56,16,Standard,True,A,Fast,0.9375
HM,HM061,4,SKU_54,104,4,26,16,Standard,True,C,Slow,1.0
HM,HM062,4,SKU_27,840,4,210,16,Standard,True,B,Medium,1.0
HM,HM070,16,SKU_33,400,14,29,16,Standard,True,B,Slow,0.875
HM,HM071,4,SKU_27,840,4,210,16,Standard,True,C,Slow,1.0
HM,HM072,4,SKU_49,840,4,210,16,Standard,True,B,Medium,1.0
HM,HM081,4,SKU_27,840,4,210,16,Standard,True,B,Fast,1.0
HM,HM082,4,SKU_49,840,4,210,16,Standard,True,B,Slow,1.0
HM,HM090,16,SKU_51,104,16,7,16,Standard,True,B,Medium,1.0
HM,HM091,4,SKU_54,104,4,26,16,Standard,True,A,Fast,1.0
HM,HM092,4,SKU_49,840,4,210,16,Standard,True,C,Slow,1.0
HM,HM100,16,SKU_30,400,5,80,16,Standard,True,C,Fast,0.3125
HM,HM102,4,SKU_54,104,4,26,16,Standard,True,B,Slow,1.0
HM,HM110,16,SKU_119,156,16,10,16,Standard,True,B,Medium,1.0
HM,HM112,4,SKU_138,130,4,33,16,Standard,True,B,Medium,1.0
HM,HM130,16,SKU_119,156,16,10,16,Standard,True,B,Slow,1.0
HM,HM131,4,SKU_10,840,4,210,16,Standard,True,B,Slow,1.0
HM,HM140,16,SKU_31,400,16,25,16,Standard,True,B,Medium,1.0
HM,HM142,4,SKU_120,156,4,39,16,Standard,True,B,Fast,1.0
HM,HM152,4,SKU_120,156,4,39,16,Standard,True,B,Medium,1.0
HM,HM160,16,SKU_39,96,16,6,16,Standard,True,C,Slow,1.0
HM,HM170,16,SKU_130,840,12,70,16,Standard,True,B,Medium,0.75
HM,HM172,4,SKU_120,156,4,39,16,Standard,True,B,Medium,1.0
HM,HM180,16,SKU_106,840,11,76,16,Standard,True,B,Medium,0.6875
HM,HM181,4,SKU_75,840,2,420,16,Standard,True,B,Medium,0.5
HM,HM182,4,SKU_120,156,4,39,16,Standard,True,B,Medium,1.0
HM,HM190,12,SKU_144,200,12,17,16,Standard,True,B,Slow,1.0
HM,HM191,4,SKU_12,200,4,50,16,Standard,True,C,Slow,1.0
HM,HM192,4,SKU_6,400,1,400,16,Standard,True,B,Medium,0.25
HM,HM200,12,SKU_33,400,12,33,16,Standard,True,C,Slow,1.0
HM,HM201,4,SKU_136,130,4,33,16,Standard,True,B,Fast,1.0
HM,HM202,4,SKU_119,156,2,78,16,Standard,True,B,Fast,0.5
HM,HM203,4,SKU_24,200,4,50,16,Standard,True,B,Medium,1.0
HM,HM210,12,SKU_87,300,10,30,16,Standard,True,B,Slow,0.8333333333333334
HM,HM213,4,SKU_24,200,4,50,16,Standard,True,B,Fast,1.0
HM,HM221,4,SKU_12,200,4,50,16,Standard,True,A,Slow,1.0
HM,HM222,4,SKU_126,840,4,210,16,Standard,True,B,Fast,1.0
HM,HM223,4,SKU_24,200,4,50,16,Standard,True,B,Medium,1.0
HM,HM230,12,SKU_108,400,7,57,16,Standard,True,C,Slow,0.5833333333333334
HM,HM231,4,SKU_25,840,3,280,16,Standard,True,B,Medium,0.75
HM,HM233,4,SKU_84,840,4,210,16,Standard,True,B,Medium,1.0
HM,HM241,4,SKU_105,840,4,210,16,Standard,True,B,Medium,1.0
HM,HM242,4,SKU_105,840,4,210,16,Standard,True,B,Medium,1.0
HM,HM243,4,SKU_13,200,1,200,16,Standard,True,B,Medium,0.25
HM,HM251,4,SKU_130,840,4,210,16,Standard,True,B,Medium,1.0
HM,HM252,4,SKU_69,200,4,50,16,Standard,True,B,Medium,1.0
HM,HM253,4,SKU_13,200,4,50,16,Standard,True,B,Slow,1.0
HM,HM260,12,SKU_102,400,8,50,16,Standard,True,B,Fast,0.6666666666666666
HM,HM261,4,SKU_25,840,4,210,16,Standard,True,C,Slow,1.0
HM,HM262,4,SKU_69,200,4,50,16,Standard,True,B,Medium,1.0
HM,HM263,4,SKU_24,200,4,50,16,Standard,True,C,Slow,1.0
HM,HM271,4,SKU_146,840,1,840,16,Standard,True,B,Fast,0.25
HM,HM272,4,SKU_56,400,2,200,16,Standard,True,B,Slow,0.5
HM,HM273,4,SKU_24,200,4,50,16,Standard,True,B,Medium,1.0
HM,HM280,12,SKU_151,400,12,33,16,Standard,True,B,Fast,1.0
HM,HM281,4,SKU_44,840,4,210,16,Standard,True,B,Fast,1.0
HM,HM283,4,SKU_24,200,4,50,16,Standard,True,A,Fast,1.0
HM,HM290,12,SKU_87,300,12,25,16,Standard,True,B,Slow,1.0
HM,HM291,4,SKU_44,840,2,420,16,Standard,True,B,Medium,0.5
HM,HM293,4,SKU_147,400,4,100,16,Standard,True,B,Medium,1.0
HM,HM300,12,SKU_33,400,12,33,16,Standard,True,B,Fast,1.0
HM,HM301,4,SKU_135,400,4,100,16,Standard,True,B,Medium,1.0
HM,HM302,4,SKU_12,200,4,50,16,Standard,True,C,Slow,1.0
HM,HM303,4,SKU_147,400,4,100,16,Standard,True,B,Fast,1.0
HM,HM310,12,SKU_63,400,12,33,16,Standard,True,C,Slow,1.0
HM,HM311,4,SKU_16,200,4,50,16,Standard,True,C,Medium,1.0
HM,HM312,4,SKU_12,200,4,50,16,Standard,True,B,Medium,1.0
HM,HM313,4,SKU_147,400,4,100,16,Standard,True,C,Slow,1.0
HM,HM320,12,SKU_63,400,5,80,16,Standard,True,B,Slow,0.4166666666666667
HM,HM321,4,SKU_105,840,4,210,16,Standard,True,C,Medium,1.0
HM,HM322,4,SKU_105,840,4,210,16,Standard,True,B,Slow,1.0
HM,HM323,4,SKU_12,200,4,50,16,Standard,True,B,Slow,1.0
MA,MA012,1,SKU_11,306,1,306,17,Standard,True,B,Fast,1.0
MA,MA021,1,SKU_47,90,1,90,17,Standard,True,C,Medium,1.0
MA,MA022,1,SKU_18,516,1,516,17,Standard,True,B,Slow,1.0
MA,MA031,1,SKU_12,140,1,140,17,Standard,True,C,Medium,1.0
MA,MA032,1,SKU_42,738,1,738,17,Standard,True,C,Slow,1.0
MA,MA041,1,SKU_83,248,1,248,17,Standard,True,B,Medium,1.0
MA,MA042,1,SKU_16,184,1,184,17,Standard,True,C,Medium,1.0
MA,MA051,1,SKU_30,144,1,144,17,Standard,True,C,Slow,1.0
MA,MA052,1,SKU_16,172,1,172,17,Standard,True,C,Slow,1.0
MA,MA061,1,SKU_41,360,1,360,17,Standard,True,B,Medium,1.0
MA,MA062,1,SKU_43,164,1,164,17,Standard,True,B,Medium,1.0
MA,MA071,1,SKU_18,324,1,324,17,Standard,True,A,Medium,1.0
MA,MA072,1,SKU_46,420,1,420,17,Standard,True,B,Medium,1.0
MA,MA081,1,SKU_18,828,1,828,17,Standard,True,B,Medium,1.0
MA,MA082,1,SKU_13,48,1,48,17,Standard,True,B,Slow,1.0
MA,MA091,1,SKU_112,708,1,708,17,Standard,True,B,Medium,1.0
MA,MA092,1,SKU_69,140,1,140,17,Standard,True,B,Slow,1.0
MA,MA101,1,SKU_101,33,1,33,17,Standard,True,C,Slow,1.0
MA,MA102,1,SKU_101,34,1,34,17,Standard,True,C,Medium,1.0
MA,MA111,1,SKU_41,672,1,672,17,Standard,True,B,Medium,1.0
MA,MA112,1,SKU_84,840,1,840,17,Standard,True,B,Fast,1.0
MA,MA122,1,SKU_17,60,1,60,17,Standard,True,A,Fast,1.0
MA,MA131,1,SKU_64,2400,1,2400,17,Standard,True,C,Medium,1.0
MA,MA132,1,SKU_41,528,1,528,17,Standard,True,B,Medium,1.0
MA,MA141,1,SKU_73,132,1,132,17,Standard,True,C,Medium,1.0
MA,MA142,1,SKU_103,192,1,192,17,Standard,True,B,Medium,1.0
MA,MA151,1,SKU_129,300,1,300,17,Standard,True,A,Fast,1.0
MA,MA152,1,SKU_128,156,1,156,17,Standard,True,C,Slow,1.0
MA,MA161,1,SKU_33,240,1,240,17,Standard,True,C,Medium,1.0
MA,MA162,1,SKU_31,148,1,148,17,Standard,True,B,Medium,1.0
MA,MA171,1,SKU_12,136,1,136,17,Standard,True,B,Fast,1.0
MA,MA172,1,SKU_66,272,1,272,17,Standard,True,B,Medium,1.0
MA,MA181,1,SKU_62,51,1,51,17,Standard,True,C,Slow,1.0
MA,MA182,1,SKU_113,756,1,756,17,Standard,True,B,Medium,1.0
MB,MB011,1,SKU_101,81,1,81,18,Standard,True,B,Slow,1.0
MB,MB012,1,SKU_29,208,1,208,18,Standard,True,A,Fast,1.0
MB,MB021,1,SKU_95,24,1,24,18,Standard,True,C,Slow,1.0
MB,MB022,1,SKU_114,128,1,128,18,Standard,True,B,Fast,1.0
MB,MB031,1,SKU_19,156,1,156,18,Standard,True,B,Medium,1.0
MB,MB032,1,SKU_11,468,1,468,18,Standard,True,B,Medium,1.0
MB,MB041,1,SKU_60,296,1,296,18,Standard,True,B,Fast,1.0
MB,MB042,1,SKU_106,828,1,828,18,Standard,True,C,Slow,1.0
MB,MB051,1,SKU_123,696,1,696,18,Standard,True,B,Fast,1.0
MB,MB052,1,SKU_130,336,1,336,18,Standard,True,B,Fast,1.0
MB,MB062,1,SKU_18,96,1,96,18,Standard,True,B,Slow,1.0
MB,MB071,1,SKU_69,128,1,128,18,Standard,True,B,Slow,1.0
MB,MB072,1,SKU_12,116,1,116,18,Standard,True,A,Fast,1.0
MB,MB081,1,SKU_113,264,1,264,18,Standard,True,B,Medium,1.0
MB,MB091,1,SKU_50,120,1,120,18,Standard,True,B,Medium,1.0
MB,MB101,1,SKU_18,294,1,294,18,Standard,True,C,Slow,1.0
MB,MB102,1,SKU_17,108,1,108,18,Standard,True,A,Medium,1.0
MB,MB112,1,SKU_68,744,1,744,18,Standard,True,B,Medium,1.0
MB,MB121,1,SKU_18,612,1,612,18,Standard,True,B,Fast,1.0
MB,MB122,1,SKU_17,108,1,108,18,Standard,True,C,Fast,1.0
MB,MB131,1,SKU_9,88,1,88,18,Standard,True,C,Slow,1.0
MB,MB132,1,SKU_33,116,1,116,18,Standard,True,A,Fast,1.0
MB,MB141,1,SKU_16,192,1,192,18,Standard,True,B,Medium,1.0
MB,MB142,1,SKU_33,348,1,348,18,Standard,True,B,Medium,1.0
MB,MB151,1,SKU_18,660,1,660,18,Standard,True,C,Medium,1.0
MB,MB152,1,SKU_3,384,1,384,18,Standard,True,B,Medium,1.0
MB,MB161,1,SKU_30,152,1,152,18,Standard,True,B,Slow,1.0
MB,MB162,1,SKU_15,432,1,432,18,Standard,True,B,Slow,1.0
MB,MB181,1,SKU_31,124,1,124,18,Standard,True,B,Medium,1.0
MB,MB191,1,SKU_8,76,1,76,18,Standard,True,C,Medium,1.0
MB,MB201,1,SKU_124,90,1,90,18,Standard,True,B,Fast,1.0
MB,MB202,1,SKU_101,88,1,88,18,Standard,True,B,Slow,1.0
MC,MC011,1,SKU_115,138,1,138,19,Standard,True,B,Slow,1.0
MC,MC013,1,SKU_13,132,1,132,19,Standard,True,B,Medium,1.0
MC,MC021,1,SKU_41,78,1,78,19,Standard,True,A,Medium,1.0
MC,MC042,1,SKU_13,148,1,148,19,Standard,True,B,Fast,1.0
MC,MC051,1,SKU_13,60,1,60,19,Standard,True,B,Slow,1.0
MC,MC052,1,SKU_17,112,1,112,19,Standard,True,B,Medium,1.0
MC,MC061,1,SKU_127,576,1,576,19,Standard,True,B,Slow,1.0
MC,MC071,1,SKU_131,318,1,318,19,Standard,True,A,Fast,1.0
MC,MC082,1,SKU_20,40,1,40,19,Standard,True,B,Slow,1.0
MC,MC101,1,SKU_115,408,1,408,19,Standard,True,B,Slow,1.0
MC,MC102,1,SKU_10,336,1,336,19,Standard,True,B,Medium,1.0
MC,MC121,1,SKU_11,108,1,108,19,Standard,True,C,Slow,1.0
MC,MC122,1,SKU_8,76,1,76,19,Standard,True,B,Medium,1.0
MC,MC152,1,SKU_61,12,1,12,19,Standard,True,B,Medium,1.0
MC,MC162,1,SKU_150,582,1,582,19,Standard,True,C,Slow,1.0
MC,MC182,1,SKU_108,84,1,84,19,Standard,True,A,Fast,1.0
MD,MD011,1,SKU_26,120,1,120,20,Standard,True,C,Slow,1.0
MD,MD012,1,SKU_107,282,1,282,20,Standard,True,B,Slow,1.0
MD,MD022,1,SKU_132,156,1,156,20,Standard,True,B,Medium,1.0
MD,MD031,1,SKU_24,56,1,56,20,Standard,True,B,Slow,1.0
MD,MD032,1,SKU_62,55,1,55,20,Standard,True,B,Medium,1.0
MD,MD041,1,SKU_18,636,1,636,20,Standard,True,B,Medium,1.0
MD,MD042,1,SKU_87,64,1,64,20,Standard,True,A,Medium,1.0
MD,MD051,1,SKU_131,288,1,288,20,Standard,True,A,Medium,1.0
MD,MD052,1,SKU_109,140,1,140,20,Standard,True,B,Fast,1.0
MD,MD061,1,SKU_43,64,1,64,20,Standard,True,B,Fast,1.0
MD,MD062,1,SKU_129,780,1,780,20,Standard,True,B,Medium,1.0
MD,MD071,1,SKU_93,44,1,44,20,Standard,True,B,Medium,1.0
MD,MD072,1,SKU_105,432,1,432,20,Standard,True,A,Fast,1.0
MD,MD081,1,SKU_84,282,1,282,20,Standard,True,B,Medium,1.0
MD,MD082,1,SKU_2,80,1,80,20,Standard,True,B,Medium,1.0
MD,MD091,1,SKU_42,696,1,696,20,Standard,True,B,Medium,1.0
MD,MD092,1,SKU_33,304,1,304,20,Standard,True,B,Medium,1.0
MD,MD101,1,SKU_31,216,1,216,20,Standard,True,B,Slow,1.0
MD,MD102,1,SKU_62,107,1,107,20,Standard,True,B,Medium,1.0
MD,MD111,1,SKU_135,176,1,176,20,Standard,True,B,Medium,1.0
MD,MD112,1,SKU_108,24,1,24,20,Standard,True,B,Slow,1.0
MD,MD121,1,SKU_44,768,1,768,20,Standard,True,C,Slow,1.0
MD,MD131,1,SKU_45,492,1,492,20,Standard,True,A,Medium,1.0
MD,MD141,1,SKU_37,456,1,456,20,Standard,True,B,Fast,1.0
MD,MD142,1,SKU_101,37,1,37,20,Standard,True,C,Slow,1.0
MD,MD151,1,SKU_10,240,1,240,20,Standard,True,B,Slow,1.0
MD,MD152,1,SKU_101,28,1,28,20,Standard,True,B,Slow,1.0
MD,MD161,1,SKU_10,840,1,840,20,Standard,True,C,Slow,1.0
MD,MD162,1,SKU_108,64,1,64,20,Standard,True,A,Medium,1.0
MD,MD171,1,SKU_28,92,1,92,20,Standard,True,B,Fast,1.0
MD,MD172,1,SKU_108,80,1,80,20,Standard,True,B,Slow,1.0
MD,MD181,1,SKU_33,320,1,320,20,Standard,True,B,Medium,1.0
MD,MD182,1,SKU_90,112,1,112,20,Standard,True,B,Slow,1.0
MD,MD192,1,SKU_104,48,1,48,20,Standard,True,C,Slow,1.0
MD,MD202,1,SKU_71,208,1,208,20,Standard,True,A,Medium,1.0
ME,ME011,1,SKU_108,32,1,32,21,Standard,True,A,Medium,1.0
ME,ME012,1,SKU_142,65,1,65,21,Standard,True,B,Medium,1.0
ME,ME021,1,SKU_1,392,1,392,21,Standard,True,A,Fast,1.0
ME,ME031,1,SKU_30,112,1,112,21,Standard,True,B,Medium,1.0
ME,ME032,1,SKU_62,88,1,88,21,Standard,True,B,Medium,1.0
ME,ME041,1,SKU_14,172,1,172,21,Standard,True,B,Medium,1.0
ME,ME042,1,SKU_41,600,1,600,21,Standard,True,B,Medium,1.0
ME,ME051,1,SKU_15,600,1,600,21,Standard,True,C,Slow,1.0
ME,ME052,1,SKU_87,132,1,132,21,Standard,True,B,Fast,1.0
ME,ME061,1,SKU_69,132,1,132,21,Standard,True,B,Medium,1.0
ME,ME062,1,SKU_10,576,1,576,21,Standard,True,B,Medium,1.0
ME,ME071,1,SKU_15,132,1,132,21,Standard,True,A,Slow,1.0
ME,ME072,1,SKU_88,80,1,80,21,Standard,True,B,Medium,1.0
ME,ME091,1,SKU_13,116,1,116,21,Standard,True,C,Slow,1.0
ME,ME101,1,SKU_25,516,1,516,21,Standard,True,B,Medium,1.0
ME,ME111,1,SKU_38,144,1,144,21,Standard,True,B,Fast,1.0
ME,ME131,1,SKU_76,552,1,552,21,Standard,True,B,Slow,1.0
ME,ME161,1,SKU_68,174,1,174,21,Standard,True,B,Slow,1.0
ME,ME171,1,SKU_43,60,1,60,21,Standard,True,B,Slow,1.0
ME,ME181,1,SKU_24,44,1,44,21,Standard,True,B,Medium,1.0
ME,ME191,1,SKU_61,40,1,40,21,Standard,True,B,Medium,1.0
ME,ME201,1,SKU_68,294,1,294,21,Standard,True,B,Medium,1.0
MF,MF011,1,SKU_22,112,1,112,22,Standard,True,B,Fast,1.0
MF,MF012,1,SKU_21,88,1,88,22,Standard,True,A,Fast,1.0
MF,MF021,1,SKU_41,216,1,216,22,Standard,True,B,Medium,1.0
MF,MF022,1,SKU_107,60,1,60,22,Standard,True,B,Medium,1.0
MF,MF031,1,SKU_94,344,1,344,22,Standard,True,B,Medium,1.0
MF,MF032,1,SKU_108,176,1,176,22,Standard,True,B,Medium,1.0
MF,MF041,1,SKU_10,822,1,822,22,Standard,True,C,Slow,1.0
MF,MF042,1,SKU_20,56,1,56,22,Standard,True,A,Fast,1.0
MF,MF051,1,SKU_30,184,1,184,22,Standard,True,C,Slow,1.0
MF,MF052,1,SKU_31,340,1,340,22,Standard,True,A,Fast,1.0
MF,MF061,1,SKU_75,720,1,720,22,Standard,True,A,Fast,1.0
MF,MF062,1,SKU_33,168,1,168,22,Standard,True,B,Medium,1.0
MF,MF071,1,SKU_125,396,1,396,22,Standard,True,C,Slow,1.0
MF,MF072,1,SKU_86,68,1,68,22,Standard,True,B,Fast,1.0
MF,MF081,1,SKU_125,432,1,432,22,Standard,True,B,Fast,1.0
MF,MF082,1,SKU_33,68,1,68,22,Standard,True,B,Slow,1.0
MF,MF091,1,SKU_85,672,1,672,22,Standard,True,B,Medium,1.0
MF,MF092,1,SKU_28,44,1,44,22,Standard,True,B,Fast,1.0
MF,MF101,1,SKU_22,240,1,240,22,Standard,True,B,Slow,1.0
MF,MF102,1,SKU_63,196,1,196,22,Standard,True,B,Medium,1.0
MF,MF111,1,SKU_27,60,1,60,22,Standard,True,B,Fast,1.0
MF,MF112,1,SKU_28,220,1,220,22,Standard,True,C,Slow,1.0
MF,MF121,1,SKU_27,84,1,84,22,Standard,True,B,Medium,1.0
MF,MF122,1,SKU_73,60,1,60,22,Standard,True,C,Slow,1.0
MF,MF131,1,SKU_115,120,1,120,22,Standard,True,B,Fast,1.0
MF,MF132,1,SKU_28,200,1,200,22,Standard,True,B,Medium,1.0
MF,MF141,1,SKU_69,136,1,136,22,Standard,True,B,Fast,1.0
MF,MF151,1,SKU_69,40,1,40,22,Standard,True,B,Slow,1.0
MF,MF152,1,SKU_7,360,1,360,22,Standard,True,B,Medium,1.0
MF,MF161,1,SKU_37,498,1,498,22,Standard,True,B,Medium,1.0
MF,MF162,1,SKU_150,822,1,822,22,Standard,True,B,Medium,1.0
MF,MF171,1,SKU_18,312,1,312,22,Standard,True,C,Slow,1.0
MF,MF172,1,SKU_13,92,1,92,22,Standard,True,B,Slow,1.0
MF,MF181,1,SKU_105,96,1,96,22,Standard,True,B,Fast,1.0
MF,MF182,1,SKU_109,168,1,168,22,Standard,True,B,Medium,1.0
MF,MF191,1,SKU_11,108,1,108,22,Standard,True,C,Slow,1.0
MF,MF201,1,SKU_24,156,1,156,22,Standard,True,C,Slow,1.0
MG,MG011,1,SKU_18,552,1,552,23,Standard,True,C,Medium,1.0
MG,MG012,1,SKU_88,48,1,48,23,Standard,True,C,Slow,1.0
MG,MG021,1,SKU_43,156,1,156,23,Standard,True,B,Slow,1.0
MG,MG022,1,SKU_75,828,1,828,23,Standard,True,B,Fast,1.0
MG,MG031,1,SKU_13,36,1,36,23,Standard,True,A,Fast,1.0
MG,MG032,1,SKU_10,192,1,192,23,Standard,True,C,Medium,1.0
MG,MG041,1,SKU_105,756,1,756,23,Standard,True,C,Medium,1.0
MG,MG042,1,SKU_10,450,1,450,23,Standard,True,B,Medium,1.0
MG,MG051,1,SKU_62,88,1,88,23,Standard,True,B,Fast,1.0
MG,MG052,1,SKU_114,192,1,192,23,Standard,True,B,Medium,1.0
MG,MG061,1,SKU_80,9,1,9,23,Standard,True,B,Slow,1.0
MG,MG062,1,SKU_110,792,1,792,23,Standard,True,B,Slow,1.0
MG,MG071,1,SKU_43,132,1,132,23,Standard,True,A,Fast,1.0
MG,MG072,1,SKU_24,196,1,196,23,Standard,True,C,Medium,1.0
MG,MG081,1,SKU_95,46,1,46,23,Standard,True,B,Fast,1.0
MG,MG082,1,SKU_4,232,1,232,23,Standard,True,B,Medium,1.0
MG,MG091,1,SKU_69,168,1,168,23,Standard,True,B,Slow,1.0
MG,MG092,1,SKU_18,276,1,276,23,Standard,True,B,Fast,1.0
MG,MG101,1,SKU_25,54,1,54,23,Standard,True,A,Fast,1.0
MG,MG102,1,SKU_25,108,1,108,23,Standard,True,B,Slow,1.0
MG,MG111,1,SKU_61,8,1,8,23,Standard,True,B,Fast,1.0
MG,MG112,1,SKU_11,432,1,432,23,Standard,True,B,Slow,1.0
MG,MG121,1,SKU_85,624,1,624,23,Standard,True,B,Slow,1.0
MG,MG122,1,SKU_45,300,1,300,23,Standard,True,B,Fast,1.0
MG,MG132,1,SKU_24,48,1,48,23,Standard,True,B,Slow,1.0
MG,MG142,1,SKU_84,720,1,720,23,Standard,True,B,Fast,1.0
MG,MG151,1,SKU_65,36,1,36,23,Standard,True,B,Medium,1.0
MG,MG152,1,SKU_24,124,1,124,23,Standard,True,A,Fast,1.0
MG,MG161,1,SKU_114,128,1,128,23,Standard,True,A,Medium,1.0
MG,MG162,1,SKU_37,264,1,264,23,Standard,True,B,Medium,1.0
MG,MG171,1,SKU_127,456,1,456,23,Standard,True,B,Slow,1.0
MG,MG172,1,SKU_12,172,1,172,23,Standard,True,B,Medium,1.0
MG,MG181,1,SKU_18,768,1,768,23,Standard,True,B,Fast,1.0
MG,MG182,1,SKU_27,336,1,336,23,Standard,True,B,Medium,1.0
MG,MG191,1,SKU_25,756,1,756,23,Standard,True,B,Medium,1.0
MG,MG192,1,SKU_42,660,1,660,23,Standard,True,B,Slow,1.0
MG,MG201,1,SKU_11,624,1,624,23,Standard,True,B,Fast,1.0
MG,MG202,1,SKU_26,144,1,144,23,Standard,True,B,Fast,1.0
MH,MH011,1,SKU_134,96,1,96,24,Standard,True,B,Slow,1.0
MH,MH012,1,SKU_105,492,1,492,24,Standard,True,B,Medium,1.0
MH,MH021,1,SKU_13,152,1,152,24,Standard,True,B,Medium,1.0
MH,MH022,1,SKU_25,570,1,570,24,Standard,True,B,Slow,1.0
MH,MH031,1,SKU_11,828,1,828,24,Standard,True,B,Medium,1.0
MH,MH032,1,SKU_129,72,1,72,24,Standard,True,B,Fast,1.0
MH,MH041,1,SKU_16,24,1,24,24,Standard,True,A,Fast,1.0
MH,MH042,1,SKU_87,180,1,180,24,Standard,True,B,Fast,1.0
MH,MH051,1,SKU_69,28,1,28,24,Standard,True,B,Medium,1.0
MH,MH052,1,SKU_61,91,1,91,24,Standard,True,A,Medium,1.0
MH,MH061,1,SKU_33,384,1,384,24,Standard,True,B,Medium,1.0
MH,MH062,1,SKU_68,552,1,552,24,Standard,True,B,Slow,1.0
MH,MH071,1,SKU_114,120,1,120,24,Standard,True,B,Medium,1.0
MH,MH072,1,SKU_33,128,1,128,24,Standard,True,B,Slow,1.0
MH,MH081,1,SKU_44,480,1,480,24,Standard,True,B,Medium,1.0
MH,MH082,1,SKU_108,240,1,240,24,Standard,True,A,Fast,1.0
MH,MH091,1,SKU_125,780,1,780,24,Standard,True,B,Medium,1.0
MH,MH092,1,SKU_37,264,1,264,24,Standard,True,B,Medium,1.0
MH,MH101,1,SKU_43,64,1,64,24,Standard,True,B,Slow,1.0
MH,MH102,1,SKU_125,330,1,330,24,Standard,True,B,Medium,1.0
MH,MH111,1,SKU_43,40,1,40,24,Standard,True,B,Fast,1.0
MH,MH112,1,SKU_27,192,1,192,24,Standard,True,C,Slow,1.0
MH,MH121,1,SKU_12,120,1,120,24,Standard,True,C,Slow,1.0
MH,MH122,1,SKU_66,176,1,176,24,Standard,True,A,Fast,1.0
MH,MH131,1,SKU_37,444,1,444,24,Standard,True,C,Medium,1.0
MH,MH132,1,SKU_105,216,1,216,24,Standard,True,A,Fast,1.0
MH,MH141,1,SKU_37,630,1,630,24,Standard,True,A,Fast,1.0
MH,MH142,1,SKU_16,28,1,28,24,Standard,True,C,Slow,1.0
MH,MH152,1,SKU_32,268,1,268,24,Standard,True,C,Slow,1.0
MH,MH161,1,SKU_101,38,1,38,24,Standard,True,B,Slow,1.0
MH,MH162,1,SKU_33,176,1,176,24,Standard,True,B,Slow,1.0
MH,MH171,1,SKU_151,208,1,208,24,Standard,True,B,Fast,1.0
MH,MH172,1,SKU_109,340,1,340,24,Standard,True,B,Slow,1.0
MH,MH181,1,SKU_63,160,1,160,24,Standard,True,B,Medium,1.0
MH,MH182,1,SKU_107,138,1,138,24,Standard,True,A,Fast,1.0
MH,MH191,1,SKU_19,112,1,112,24,Standard,True,B,Medium,1.0
MH,MH192,1,SKU_68,360,1,360,24,Standard,True,C,Slow,1.0
MH,MH201,1,SKU_69,112,1,112,24,Standard,True,B,Slow,1.0
MH,MH202,1,SKU_26,228,1,228,24,Standard,True,C,Slow,1.0
MI,MI011,1,SKU_125,708,1,708,25,Standard,True,C,Fast,1.0
MI,MI012,1,SKU_125,612,1,612,25,Standard,True,A,Fast,1.0
MI,MI021,1,SKU_12,168,1,168,25,Standard,True,C,Medium,1.0
MI,MI022,1,SKU_25,108,1,108,25,Standard,True,B,Fast,1.0
MI,MI031,1,SKU_44,504,1,504,25,Standard,True,B,Fast,1.0
MI,MI032,1,SKU_25,240,1,240,25,Standard,True,B,Slow,1.0
MI,MI041,1,SKU_27,24,1,24,25,Standard,True,B,Medium,1.0
MI,MI042,1,SKU_44,126,1,126,25,Standard,True,B,Medium,1.0
MI,MI051,1,SKU_124,678,1,678,25,Standard,True,B,Medium,1.0
MI,MI052,1,SKU_37,438,1,438,25,Standard,True,B,Medium,1.0
MI,MI062,1,SKU_69,60,1,60,25,Standard,True,B,Slow,1.0
MI,MI071,1,SKU_132,96,1,96,25,Standard,True,B,Fast,1.0
MI,MI072,1,SKU_30,280,1,280,25,Standard,True,B,Medium,1.0
MI,MI081,1,SKU_86,296,1,296,25,Standard,True,B,Medium,1.0
MI,MI082,1,SKU_13,132,1,132,25,Standard,True,C,Medium,1.0
MI,MI091,1,SKU_25,696,1,696,25,Standard,True,B,Medium,1.0
MI,MI092,1,SKU_56,80,1,80,25,Standard,True,B,Medium,1.0
MI,MI102,1,SKU_145,660,1,660,25,Standard,True,C,Medium,1.0
MI,MI111,1,SKU_6,252,1,252,25,Standard,True,C,Slow,1.0
MI,MI112,1,SKU_10,678,1,678,25,Standard,True,B,Medium,1.0
MI,MI121,1,SKU_146,336,1,336,25,Standard,True,B,Medium,1.0
MI,MI122,1,SKU_44,792,1,792,25,Standard,True,B,Medium,1.0
MI,MI131,1,SKU_146,636,1,636,25,Standard,True,B,Slow,1.0
MI,MI132,1,SKU_147,168,1,168,25,Standard,True,B,Medium,1.0
MI,MI141,1,SKU_25,84,1,84,25,Standard,True,B,Fast,1.0
MI,MI142,1,SKU_30,200,1,200,25,Standard,True,B,Medium,1.0
MI,MI151,1,SKU_45,570,1,570,25,Standard,True,B,Slow,1.0
MI,MI152,1,SKU_90,140,1,140,25,Standard,True,B,Slow,1.0
MI,MI161,1,SKU_85,288,1,288,25,Standard,True,B,Fast,1.0
MI,MI162,1,SKU_65,232,1,232,25,Standard,True,B,Fast,1.0
MI,MI171,1,SKU_44,744,1,744,25,Standard,True,B,Medium,1.0
MI,MI172,1,SKU_23,208,1,208,25,Standard,True,C,Slow,1.0
MI,MI181,1,SKU_45,648,1,648,25,Standard,True,B,Medium,1.0
MI,MI182,1,SKU_30,360,1,360,25,Standard,True,B,Medium,1.0
MI,MI191,1,SKU_15,660,1,660,25,Standard,True,B,Slow,1.0
MI,MI192,1,SKU_61,84,1,84,25,Standard,True,C,Slow,1.0
MI,MI201,1,SKU_33,256,1,256,25,Standard,True,B,Fast,1.0
MI,MI202,1,SKU_150,636,1,636,25,Standard,True,B,Slow,1.0
MJ,MJ011,1,SKU_146,816,1,816,26,Standard,True,A,Medium,1.0
MJ,MJ012,1,SKU_145,720,1,720,26,Standard,True,B,Fast,1.0
MJ,MJ021,1,SKU_13,44,1,44,26,Standard,True,B,Slow,1.0
MJ,MJ022,1,SKU_5,244,1,244,26,Standard,True,B,Medium,1.0
MJ,MJ031,1,SKU_113,576,1,576,26,Standard,True,A,Medium,1.0
MJ,MJ032,1,SKU_13,160,1,160,26,Standard,True,B,Slow,1.0
MJ,MJ041,1,SKU_125,474,1,474,26,Standard,True,B,Fast,1.0
MJ,MJ042,1,SKU_69,92,1,92,26,Standard,True,B,Fast,1.0
MJ,MJ051,1,SKU_146,696,1,696,26,Standard,True,A,Medium,1.0
MJ,MJ052,1,SKU_12,112,1,112,26,Standard,True,C,Medium,1.0
MJ,MJ061,1,SKU_21,64,1,64,26,Standard,True,A,Medium,1.0
MJ,MJ062,1,SKU_18,318,1,318,26,Standard,True,C,Slow,1.0
MJ,MJ071,1,SKU_37,108,1,108,26,Standard,True,C,Fast,1.0
MJ,MJ072,1,SKU_5,112,1,112,26,Standard,True,B,Slow,1.0
MJ,MJ081,1,SKU_45,642,1,642,26,Standard,True,B,Medium,1.0
MJ,MJ082,1,SKU_45,240,1,240,26,Standard,True,B,Fast,1.0
MJ,MJ091,1,SKU_25,180,1,180,26,Standard,True,B,Slow,1.0
MJ,MJ092,1,SKU_3,60,1,60,26,Standard,True,B,Medium,1.0
MJ,MJ101,1,SKU_10,702,1,702,26,Standard,True,C,Medium,1.0
MJ,MJ102,1,SKU_27,96,1,96,26,Standard,True,B,Medium,1.0
MJ,MJ111,1,SKU_85,60,1,60,26,Standard,True,C,Slow,1.0
MJ,MJ112,1,SKU_146,594,1,594,26,Standard,True,B,Medium,1.0
MJ,MJ121,1,SKU_27,138,1,138,26,Standard,True,B,Medium,1.0
MJ,MJ122,1,SKU_113,288,1,288,26,Standard,True,B,Medium,1.0
MJ,MJ131,1,SKU_24,56,1,56,26,Standard,True,B,Medium,1.0
MJ,MJ132,1,SKU_44,66,1,66,26,Standard,True,A,Fast,1.0
MJ,MJ141,1,SKU_114,168,1,168,26,Standard,True,B,Medium,1.0
MJ,MJ142,1,SKU_111,204,1,204,26,Standard,True,C,Slow,1.0
MJ,MJ151,1,SKU_113,186,1,186,26,Standard,True,B,Medium,1.0
MJ,MJ152,1,SKU_13,44,1,44,26,Standard,True,B,Medium,1.0
MJ,MJ161,1,SKU_21,36,1,36,26,Standard,True,B,Fast,1.0
MJ,MJ162,1,SKU_28,136,1,136,26,Standard,True,B,Slow,1.0
MJ,MJ171,1,SKU_11,168,1,168,26,Standard,True,B,Medium,1.0
MJ,MJ172,1,SKU_26,12,1,12,26,Standard,True,B,Medium,1.0
MJ,MJ181,1,SKU_85,816,1,816,26,Standard,True,B,Medium,1.0
MJ,MJ182,1,SKU_37,384,1,384,26,Standard,True,B,Fast,1.0
MJ,MJ191,1,SKU_43,24,1,24,26,Standard,True,B,Slow,1.0
MJ,MJ192,1,SKU_27,120,1,120,26,Standard,True,B,Slow,1.0
MJ,MJ201,1,SKU_135,36,1,36,26,Standard,True,B,Medium,1.0
MJ,MJ202,1,SKU_130,414,1,414,26,Standard,True,B,Slow,1.0
MK,MK011,1,SKU_39,47,1,47,27,Standard,True,B,Slow,1.0
MK,MK012,1,SKU_81,63,1,63,27,Standard,True,B,Medium,1.0
MK,MK021,1,SKU_53,52,1,52,27,Standard,True,B,Medium,1.0
MK,MK022,1,SKU_136,4,1,4,27,Standard,True,B,Medium,1.0
MK,MK031,1,SKU_70,9,1,9,27,Standard,True,A,Medium,1.0
MK,MK032,1,SKU_92,28,1,28,27,Standard,True,A,Fast,1.0
MK,MK042,1,SKU_82,72,1,72,27,Standard,True,B,Fast,1.0
MK,MK051,1,SKU_40,6,1,6,27,Standard,True,B,Medium,1.0
MK,MK052,1,SKU_100,130,1,130,27,Standard,True,B,Medium,1.0
MK,MK061,1,SKU_120,25,1,25,27,Standard,True,B,Slow,1.0
MK,MK062,1,SKU_117,37,1,37,27,Standard,True,C,Medium,1.0
MK,MK071,1,SKU_139,29,1,29,27,Standard,True,C,Slow,1.0
MK,MK072,1,SKU_34,32,1,32,27,Standard,True,B,Slow,1.0
MK,MK081,1,SKU_122,53,1,53,27,Standard,True,B,Slow,1.0
MK,MK082,1,SKU_54,19,1,19,27,Standard,True,B,Fast,1.0
MK,MK091,1,SKU_10,630,1,630,27,Standard,True,B,Medium,1.0
MK,MK092,1,SKU_137,20,1,20,27,Standard,True,C,Medium,1.0
MK,MK101,1,SKU_119,52,1,52,27,Standard,True,B,Slow,1.0
MK,MK102,1,SKU_138,28,1,28,27,Standard,True,B,Medium,1.0
MK,MK111,1,SKU_91,21,1,21,27,Standard,True,B,Medium,1.0
MK,MK112,1,SKU_118,38,1,38,27,Standard,True,C,Fast,1.0
MK,MK121,1,SKU_99,50,1,50,27,Standard,True,B,Medium,1.0
MK,MK122,1,SKU_52,33,1,33,27,Standard,True,B,Medium,1.0
MK,MK131,1,SKU_140,9,1,9,27,Standard,True,B,Medium,1.0
MK,MK132,1,SKU_34,12,1,12,27,Standard,True,C,Slow,1.0
MK,MK141,1,SKU_78,15,1,15,27,Standard,True,B,Medium,1.0
MK,MK142,1,SKU_12,8,1,8,27,Standard,True,C,Slow,1.0
MK,MK151,1,SKU_30,396,1,396,27,Standard,True,B,Medium,1.0
MK,MK152,1,SKU_15,564,1,564,27,Standard,True,B,Slow,1.0
MK,MK161,1,SKU_51,17,1,17,27,Standard,True,B,Fast,1.0
MK,MK162,1,SKU_98,64,1,64,27,Standard,True,B,Slow,1.0
MK,MK171,1,SKU_96,122,1,122,27,Standard,True,B,Slow,1.0
MK,MK172,1,SKU_97,54,1,54,27,Standard,True,B,Medium,1.0
MK,MK181,1,SKU_36,36,1,36,27,Standard,True,B,Fast,1.0
MK,MK182,1,SKU_138,10,1,10,27,Standard,True,B,Medium,1.0
ML,ML021,1,SKU_141,120,1,120,28,Standard,True,B,Medium,1.0
ML,ML022,1,SKU_51,1,1,1,28,Standard,True,C,Slow,1.0
ML,ML031,1,SKU_65,284,1,284,28,Standard,True,B,Slow,1.0
ML,ML041,1,SKU_116,154,1,154,28,Standard,True,B,Slow,1.0
ML,ML051,1,SKU_6,364,1,364,28,Standard,True,B,Slow,1.0
ML,ML052,1,SKU_120,33,1,33,28,Standard,True,A,Fast,1.0
ML,ML061,1,SKU_105,588,1,588,28,Standard,True,C,Slow,1.0
ML,ML062,1,SKU_136,3,1,3,28,Standard,True,B,Slow,1.0
ML,ML071,1,SKU_136,129,1,129,28,Standard,True,B,Slow,1.0
ML,ML072,1,SKU_138,23,1,23,28,Standard,True,C,Medium,1.0
ML,ML081,1,SKU_57,168,1,168,28,Standard,True,C,Slow,1.0
ML,ML082,1,SKU_120,19,1,19,28,Standard,True,A,Fast,1.0
ML,ML091,1,SKU_28,168,1,168,28,Standard,True,B,Medium,1.0
ML,ML092,1,SKU_139,16,1,16,28,Standard,True,B,Fast,1.0
ML,ML102,1,SKU_136,50,1,50,28,Standard,True,B,Slow,1.0
ML,ML111,1,SKU_82,53,1,53,28,Standard,True,B,Slow,1.0
ML,ML112,1,SKU_152,102,1,102,28,Standard,True,B,Fast,1.0
ML,ML121,1,SKU_116,4,1,4,28,Standard,True,C,Slow,1.0
ML,ML122,1,SKU_39,39,1,39,28,Standard,True,B,Slow,1.0
ML,ML131,1,SKU_35,52,1,52,28,Standard,True,C,Slow,1.0
ML,ML132,1,SKU_91,53,1,53,28,Standard,True,B,Slow,1.0
ML,ML141,1,SKU_39,21,1,21,28,Standard,True,B,Medium,1.0
ML,ML142,1,SKU_116,119,1,119,28,Standard,True,B,Slow,1.0
ML,ML151,1,SKU_139,19,1,19,28,Standard,True,B,Fast,1.0
ML,ML161,1,SKU_135,384,1,384,28,Standard,True,B,Fast,1.0
ML,ML171,1,SKU_106,276,1,276,28,Standard,True,B,Fast,1.0
RA,RA022,4,SKU_145,840,2,420,29,Reserve,True,B,Slow,0.5
RB,RB042,3,SKU_145,840,3,280,30,Reserve,True,C,Medium,1.0
RB,RB122,3,SKU_84,840,1,840,30,Reserve,True,C,Slow,0.3333333333333333
RC,RC102,3,SKU_147,400,2,200,31,Reserve,True,C,Slow,0.6666666666666666
RD,RD062,5,SKU_27,840,1,840,32,Reserve,True,C,Slow,0.2
RE,RE041,5,SKU_69,200,2,100,33,Reserve,True,C,Medium,0.4
RE,RE081,5,SKU_69,200,5,40,33,Reserve,True,C,Medium,1.0
RE,RE183,5,SKU_10,840,4,210,33,Reserve,True,C,Slow,0.8
RF,RF011,5,SKU_37,840,1,840,34,Reserve,True,C,Slow,0.2
RF,RF012,5,SKU_69,200,5,40,34,Reserve,True,C,Slow,1.0
RF,RF021,5,SKU_69,200,5,40,34,Reserve,True,C,Slow,1.0
RF,RF022,5,SKU_139,130,5,26,34,Reserve,True,C,Slow,1.0
RF,RF031,5,SKU_69,200,4,50,34,Reserve,True,B,Medium,0.8
RF,RF042,5,SKU_39,96,5,19,34,Reserve,True,C,Medium,1.0
RF,RF071,5,SKU_43,200,1,200,34,Reserve,True,C,Medium,0.2
RF,RF091,5,SKU_10,840,4,210,34,Reserve,True,C,Slow,0.8
RF,RF101,5,SKU_69,200,4,50,34,Reserve,True,C,Slow,0.8
RF,RF112,5,SKU_113,840,1,840,34,Reserve,True,C,Medium,0.2
RF,RF132,5,SKU_113,840,1,840,34,Reserve,True,B,Fast,0.2
RF,RF141,5,SKU_10,840,5,168,34,Reserve,True,B,Medium,1.0
RF,RF151,5,SKU_10,840,5,168,34,Reserve,True,C,Slow,1.0
RF,RF152,5,SKU_68,840,4,210,34,Reserve,True,C,Slow,0.8
RF,RF161,5,SKU_39,96,5,19,34,Reserve,True,C,Slow,1.0
RF,RF162,5,SKU_113,840,5,168,34,Reserve,True,B,Medium,1.0
RF,RF172,5,SKU_68,840,4,210,34,Reserve,True,C,Slow,0.8
RF,RF182,5,SKU_68,840,5,168,34,Reserve,True,C,Medium,1.0
RF,RF210,5,SKU_69,200,4,50,34,Reserve,True,B,Fast,0.8
RF,RF211,5,SKU_69,200,5,40,34,Reserve,True,C,Medium,1.0
RF,RF212,5,SKU_68,840,5,168,34,Reserve,True,B,Medium,1.0
RF,RF220,5,SKU_69,200,5,40,34,Reserve,True,C,Slow,1.0
RF,RF222,5,SKU_139,130,5,26,34,Reserve,True,B,Medium,1.0
RF,RF241,5,SKU_39,96,5,19,34,Reserve,True,C,Fast,1.0
RF,RF242,5,SKU_68,840,5,168,34,Reserve,True,C,Slow,1.0
RF,RF251,5,SKU_69,200,5,40,34,Reserve,True,B,Medium,1.0
RF,RF252,5,SKU_13,200,1,200,34,Reserve,True,C,Medium,0.2
RF,RF272,5,SKU_69,200,5,40,34,Reserve,True,C,Medium,1.0
RF,RF282,5,SKU_69,200,5,40,34,Reserve,True,A,Fast,1.0
RF,RF292,5,SKU_39,96,5,19,34,Reserve,True,A,Fast,1.0
RF,RF302,5,SKU_68,840,4,210,34,Reserve,True,C,Slow,0.8
RG,RG011,5,SKU_11,840,4,210,35,Reserve,True,B,Medium,0.8
RG,RG012,5,SKU_68,840,5,168,35,Reserve,True,C,Slow,1.0
RG,RG021,5,SKU_11,840,5,168,35,Reserve,True,C,Fast,1.0
RG,RG031,5,SKU_10,840,5,168,35,Reserve,True,A,Fast,1.0
RG,RG032,5,SKU_136,130,5,26,35,Reserve,True,C,Slow,1.0
RG,RG033,5,SKU_12,200,5,40,35,Reserve,True,C,Slow,1.0
RG,RG041,5,SKU_12,200,2,100,35,Reserve,True,C,Medium,0.4
RG,RG042,5,SKU_136,130,5,26,35,Reserve,True,C,Slow,1.0
RG,RG051,5,SKU_114,200,5,40,35,Reserve,True,B,Slow,1.0
RG,RG052,5,SKU_114,200,5,40,35,Reserve,True,B,Fast,1.0
RG,RG061,5,SKU_136,130,5,26,35,Reserve,True,C,Fast,1.0
RG,RG062,5,SKU_136,130,5,26,35,Reserve,True,C,Slow,1.0
RG,RG063,5,SKU_116,156,4,39,35,Reserve,True,B,Slow,0.8
RG,RG071,5,SKU_114,200,1,200,35,Reserve,True,C,Medium,0.2
RG,RG072,5,SKU_136,130,5,26,35,Reserve,True,C,Slow,1.0
RG,RG081,5,SKU_136,130,5,26,35,Reserve,True,A,Fast,1.0
RG,RG083,5,SKU_68,840,5,168,35,Reserve,True,A,Medium,1.0
RG,RG091,5,SKU_10,840,5,168,35,Reserve,True,B,Medium,1.0
RG,RG092,5,SKU_114,200,5,40,35,Reserve,True,C,Slow,1.0
RG,RG093,5,SKU_12,200,5,40,35,Reserve,True,C,Medium,1.0
RG,RG101,5,SKU_136,130,5,26,35,Reserve,True,C,Slow,1.0
RG,RG102,5,SKU_10,840,5,168,35,Reserve,True,C,Fast,1.0
RG,RG112,5,SKU_143,840,4,210,35,Reserve,True,B,Fast,0.8
RG,RG121,5,SKU_43,200,5,40,35,Reserve,True,B,Slow,1.0
RG,RG122,5,SKU_139,130,4,33,35,Reserve,True,C,Slow,0.8
RG,RG131,5,SKU_136,130,5,26,35,Reserve,True,A,Fast,1.0
RG,RG132,5,SKU_136,130,4,33,35,Reserve,True,C,Slow,0.8
RG,RG142,5,SKU_15,840,5,168,35,Reserve,True,C,Slow,1.0
RG,RG143,5,SKU_136,130,3,43,35,Reserve,True,C,Slow,0.6
RG,RG151,5,SKU_136,130,4,33,35,Reserve,True,B,Fast,0.8
RG,RG152,5,SKU_136,130,4,33,35,Reserve,True,C,Slow,0.8
RG,RG161,5,SKU_12,200,5,40,35,Reserve,True,C,Medium,1.0
RG,RG171,5,SKU_15,840,4,210,35,Reserve,True,A,Fast,0.8
RG,RG172,5,SKU_10,840,5,168,35,Reserve,True,C,Slow,1.0
RG,RG182,5,SKU_136,130,5,26,35,Reserve,True,B,Medium,1.0
RG,RG212,5,SKU_136,130,5,26,35,Reserve,True,B,Fast,1.0
RG,RG221,5,SKU_10,840,5,168,35,Reserve,True,C,Slow,1.0
RG,RG222,5,SKU_136,130,5,26,35,Reserve,True,C,Medium,1.0
RG,RG231,5,SKU_18,840,5,168,35,Reserve,True,B,Medium,1.0
RG,RG232,5,SKU_136,130,3,43,35,Reserve,True,C,Medium,0.6
RG,RG241,5,SKU_18,840,5,168,35,Reserve,True,C,Medium,1.0
RG,RG242,5,SKU_10,840,5,168,35,Reserve,True,A,Medium,1.0
RG,RG251,5,SKU_136,130,5,26,35,Reserve,True,C,Fast,1.0
RG,RG252,5,SKU_136,130,5,26,35,Reserve,True,A,Medium,1.0
RG,RG261,5,SKU_138,130,5,26,35,Reserve,True,C,Medium,1.0
RG,RG262,5,SKU_136,130,5,26,35,Reserve,True,C,Medium,1.0
RG,RG263,5,SKU_84,840,5,168,35,Reserve,True,C,Slow,1.0
RG,RG271,5,SKU_136,130,4,33,35,Reserve,True,C,Slow,0.8
RG,RG272,5,SKU_10,840,5,168,35,Reserve,True,C,Medium,1.0
RG,RG281,5,SKU_136,130,4,33,35,Reserve,True,C,Medium,0.8
RG,RG282,5,SKU_133,840,1,840,35,Reserve,True,C,Medium,0.2
RG,RG291,5,SKU_136,130,4,33,35,Reserve,True,C,Medium,0.8
RG,RG292,5,SKU_18,840,5,168,35,Reserve,True,B,Slow,1.0
RG,RG301,5,SKU_35,96,5,19,35,Reserve,True,A,Fast,1.0
RG,RG302,5,SKU_18,840,4,210,35,Reserve,True,C,Slow,0.8
TB,TBB1,32,SKU_61,112,22,5,36,Reserve,True,C,Slow,0.6875
TB,TBB10,32,SKU_105,840,32,26,36,Reserve,True,C,Slow,1.0
TB,TBB12,32,SKU_51,104,32,3,36,Reserve,True,C,Slow,1.0
TB,TBB13,32,SKU_61,112,32,4,36,Reserve,True,C,Slow,1.0
TB,TBB14,24,SKU_120,156,24,7,36,Reserve,True,C,Slow,1.0
TB,TBB4,32,SKU_68,840,32,26,36,Reserve,True,C,Slow,1.0
WE,WE23,28,SKU_24,200,20,10,37,Reserve,True,A,Fast,0.7142857142857143
DG,DG0402,1,SKU_108,332,1,332,38,Reserve,True,C,Slow,1.0
DG,DG_EMPTY_001,1,,0,0,1,38,Reserve,False,,,0.0
DR DC,DR DC_EMPTY_001,76,,0,0,1,1,Priority,False,,,0.0
DR DC,DR DC_EMPTY_002,76,,0,0,1,1,Priority,False,,,0.0
DR DC,DR DC_EMPTY_003,76,,0,0,1,1,Priority,False,,,0.0
DR DC,DR DC_EMPTY_004,76,,0,0,1,1,Priority,False,,,0.0
DR DC,DR DC_EMPTY_005,76,,0,0,1,1,Priority,False,,,0.0
DRF,DRF_EMPTY_001,27,,0,0,1,2,Priority,False,,,0.0
GH,GH_EMPTY_001,42,,0,0,1,3,Priority,False,,,0.0
HA,HA_EMPTY_001,11,,0,0,1,4,Priority,False,,,0.0
HA,HA_EMPTY_002,11,,0,0,1,4,Priority,False,,,0.0
HA,HA_EMPTY_003,11,,0,0,1,4,Priority,False,,,0.0
HA,HA_EMPTY_004,11,,0,0,1,4,Priority,False,,,0.0
HA,HA_EMPTY_005,11,,0,0,1,4,Priority,False,,,0.0
HA,HA_EMPTY_006,11,,0,0,1,4,Priority,False,,,0.0
HA,HA_EMPTY_007,11,,0,0,1,4,Priority,False,,,0.0
HA,HA_EMPTY_008,11,,0,0,1,4,Priority,False,,,0.0
HA,HA_EMPTY_009,11,,0,0,1,4,Priority,False,,,0.0
HA,HA_EMPTY_010,11,,0,0,1,4,Priority,False,,,0.0
HA,HA_EMPTY_011,11,,0,0,1,4,Priority,False,,,0.0
HA,HA_EMPTY_012,11,,0,0,1,4,Priority,False,,,0.0
HA,HA_EMPTY_013,11,,0,0,1,4,Priority,False,,,0.0
HA,HA_EMPTY_014,11,,0,0,1,4,Priority,False,,,0.0
HA,HA_EMPTY_015,11,,0,0,1,4,Priority,False,,,0.0
HA,HA_EMPTY_016,11,,0,0,1,4,Priority,False,,,0.0
HA,HA_EMPTY_017,11,,0,0,1,4,Priority,False,,,0.0
HA,HA_EMPTY_018,11,,0,0,1,4,Priority,False,,,0.0
HA,HA_EMPTY_019,11,,0,0,1,4,Priority,False,,,0.0
HA,HA_EMPTY_020,11,,0,0,1,4,Priority,False,,,0.0
HA,HA_EMPTY_021,11,,0,0,1,4,Priority,False,,,0.0
HA,HA_EMPTY_022,11,,0,0,1,4,Priority,False,,,0.0
HA,HA_EMPTY_023,11,,0,0,1,4,Priority,False,,,0.0
HA,HA_EMPTY_024,11,,0,0,1,4,Priority,False,,,0.0
HA,HA_EMPTY_025,11,,0,0,1,4,Priority,False,,,0.0
HA,HA_EMPTY_026,11,,0,0,1,4,Priority,False,,,0.0
HA,HA_EMPTY_027,11,,0,0,1,4,Priority,False,,,0.0
HA,HA_EMPTY_028,11,,0,0,1,4,Priority,False,,,0.0
HA,HA_EMPTY_029,11,,0,0,1,4,Priority,False,,,0.0
HA,HA_EMPTY_030,11,,0,0,1,4,Priority,False,,,0.0
HA,HA_EMPTY_031,11,,0,0,1,4,Priority,False,,,0.0
HB,HB_EMPTY_001,9,,0,0,1,5,Priority,False,,,0.0
HB,HB_EMPTY_002,9,,0,0,1,5,Priority,False,,,0.0
HB,HB_EMPTY_003,9,,0,0,1,5,Priority,False,,,0.0
HB,HB_EMPTY_004,9,,0,0,1,5,Priority,False,,,0.0
HB,HB_EMPTY_005,9,,0,0,1,5,Priority,False,,,0.0
HB,HB_EMPTY_006,9,,0,0,1,5,Priority,False,,,0.0
HB,HB_EMPTY_007,9,,0,0,1,5,Priority,False,,,0.0
HB,HB_EMPTY_008,9,,0,0,1,5,Priority,False,,,0.0
HB,HB_EMPTY_009,9,,0,0,1,5,Priority,False,,,0.0
HB,HB_EMPTY_010,9,,0,0,1,5,Priority,False,,,0.0
HC,HC_EMPTY_001,9,,0,0,1,6,Priority,False,,,0.0
HC,HC_EMPTY_002,9,,0,0,1,6,Priority,False,,,0.0
HC,HC_EMPTY_003,9,,0,0,1,6,Priority,False,,,0.0
HC,HC_EMPTY_004,9,,0,0,1,6,Priority,False,,,0.0
HC,HC_EMPTY_005,9,,0,0,1,6,Priority,False,,,0.0
HC,HC_EMPTY_006,9,,0,0,1,6,Priority,False,,,0.0
HC,HC_EMPTY_007,9,,0,0,1,6,Priority,False,,,0.0
HC,HC_EMPTY_008,9,,0,0,1,6,Priority,False,,,0.0
HC,HC_EMPTY_009,9,,0,0,1,6,Priority,False,,,0.0
HC,HC_EMPTY_010,9,,0,0,1,6,Priority,False,,,0.0
HD,HD_EMPTY_001,2,,0,0,1,7,Priority,False,,,0.0
HD,HD_EMPTY_002,2,,0,0,1,7,Priority,False,,,0.0
HD,HD_EMPTY_003,2,,0,0,1,7,Priority,False,,,0.0
HE,HE_EMPTY_001,2,,0,0,1,8,Priority,False,,,0.0
HE,HE_EMPTY_002,2,,0,0,1,8,Priority,False,,,0.0
HE,HE_EMPTY_003,2,,0,0,1,8,Priority,False,,,0.0
HE,HE_EMPTY_004,2,,0,0,1,8,Priority,False,,,0.0
HE,HE_EMPTY_005,2,,0,0,1,8,Priority,False,,,0.0
HE,HE_EMPTY_006,2,,0,0,1,8,Priority,False,,,0.0
HE,HE_EMPTY_007,2,,0,0,1,8,Priority,False,,,0.0
HE,HE_EMPTY_008,2,,0,0,1,8,Priority,False,,,0.0
HE,HE_EMPTY_009,2,,0,0,1,8,Priority,False,,,0.0
HE,HE_EMPTY_010,2,,0,0,1,8,Priority,False,,,0.0
HE,HE_EMPTY_011,2,,0,0,1,8,Priority,False,,,0.0
HE,HE_EMPTY_012,2,,0,0,1,8,Priority,False,,,0.0
HE,HE_EMPTY_013,2,,0,0,1,8,Priority,False,,,0.0
HE,HE_EMPTY_014,2,,0,0,1,8,Priority,False,,,0.0
HE,HE_EMPTY_015,2,,0,0,1,8,Priority,False,,,0.0
HE,HE_EMPTY_016,2,,0,0,1,8,Priority,False,,,0.0
HF,HF_EMPTY_001,3,,0,0,1,9,Priority,False,,,0.0
HF,HF_EMPTY_002,3,,0,0,1,9,Priority,False,,,0.0
HF,HF_EMPTY_003,3,,0,0,1,9,Priority,False,,,0.0
HF,HF_EMPTY_004,3,,0,0,1,9,Priority,False,,,0.0
HF,HF_EMPTY_005,3,,0,0,1,9,Priority,False,,,0.0
HF,HF_EMPTY_006,3,,0,0,1,9,Priority,False,,,0.0
HF,HF_EMPTY_007,3,,0,0,1,9,Priority,False,,,0.0
HF,HF_EMPTY_008,3,,0,0,1,9,Priority,False,,,0.0
HF,HF_EMPTY_009,3,,0,0,1,9,Priority,False,,,0.0
HG,HG_EMPTY_001,3,,0,0,1,10,Priority,False,,,0.0
HG,HG_EMPTY_002,3,,0,0,1,10,Priority,False,,,0.0
HG,HG_EMPTY_003,3,,0,0,1,10,Priority,False,,,0.0
HG,HG_EMPTY_004,3,,0,0,1,10,Priority,False,,,0.0
HG,HG_EMPTY_005,3,,0,0,1,10,Priority,False,,,0.0
HG,HG_EMPTY_006,3,,0,0,1,10,Priority,False,,,0.0
HG,HG_EMPTY_007,3,,0,0,1,10,Priority,False,,,0.0
HG,HG_EMPTY_008,3,,0,0,1,10,Priority,False,,,0.0
HG,HG_EMPTY_009,3,,0,0,1,10,Priority,False,,,0.0
HG,HG_EMPTY_010,3,,0,0,1,10,Priority,False,,,0.0
HG,HG_EMPTY_011,3,,0,0,1,10,Priority,False,,,0.0
HG,HG_EMPTY_012,3,,0,0,1,10,Priority,False,,,0.0
HG,HG_EMPTY_013,3,,0,0,1,10,Priority,False,,,0.0
HH,HH_EMPTY_001,4,,0,0,1,11,Priority,False,,,0.0
HH,HH_EMPTY_002,4,,0,0,1,11,Priority,False,,,0.0
HH,HH_EMPTY_003,4,,0,0,1,11,Priority,False,,,0.0
HH,HH_EMPTY_004,4,,0,0,1,11,Priority,False,,,0.0
HH,HH_EMPTY_005,4,,0,0,1,11,Priority,False,,,0.0
HH,HH_EMPTY_006,4,,0,0,1,11,Priority,False,,,0.0
HH,HH_EMPTY_007,4,,0,0,1,11,Priority,False,,,0.0
HH,HH_EMPTY_008,4,,0,0,1,11,Priority,False,,,0.0
HH,HH_EMPTY_009,4,,0,0,1,11,Priority,False,,,0.0
HH,HH_EMPTY_010,4,,0,0,1,11,Priority,False,,,0.0
HH,HH_EMPTY_011,4,,0,0,1,11,Priority,False,,,0.0
HH,HH_EMPTY_012,4,,0,0,1,11,Priority,False,,,0.0
HH,HH_EMPTY_013,4,,0,0,1,11,Priority,False,,,0.0
HH,HH_EMPTY_014,4,,0,0,1,11,Priority,False,,,0.0
HI,HI_EMPTY_001,4,,0,0,1,12,Priority,False,,,0.0
HI,HI_EMPTY_002,4,,0,0,1,12,Priority,False,,,0.0
HI,HI_EMPTY_003,4,,0,0,1,12,Priority,False,,,0.0
HI,HI_EMPTY_004,4,,0,0,1,12,Priority,False,,,0.0
HI,HI_EMPTY_005,4,,0,0,1,12,Priority,False,,,0.0
HI,HI_EMPTY_006,4,,0,0,1,12,Priority,False,,,0.0
HI,HI_EMPTY_007,4,,0,0,1,12,Priority,False,,,0.0
HI,HI_EMPTY_008,4,,0,0,1,12,Priority,False,,,0.0
HI,HI_EMPTY_009,4,,0,0,1,12,Priority,False,,,0.0
HI,HI_EMPTY_010,4,,0,0,1,12,Priority,False,,,0.0
HI,HI_EMPTY_011,4,,0,0,1,12,Priority,False,,,0.0
HI,HI_EMPTY_012,4,,0,0,1,12,Priority,False,,,0.0
HI,HI_EMPTY_013,4,,0,0,1,12,Priority,False,,,0.0
HI,HI_EMPTY_014,4,,0,0,1,12,Priority,False,,,0.0
HJ,HJ_EMPTY_001,7,,0,0,1,13,Priority,False,,,0.0
HJ,HJ_EMPTY_002,7,,0,0,1,13,Priority,False,,,0.0
HJ,HJ_EMPTY_003,7,,0,0,1,13,Priority,False,,,0.0
HJ,HJ_EMPTY_004,7,,0,0,1,13,Priority,False,,,0.0
HJ,HJ_EMPTY_005,7,,0,0,1,13,Priority,False,,,0.0
HJ,HJ_EMPTY_006,7,,0,0,1,13,Priority,False,,,0.0
HJ,HJ_EMPTY_007,7,,0,0,1,13,Priority,False,,,0.0
HJ,HJ_EMPTY_008,7,,0,0,1,13,Priority,False,,,0.0
HK,HK_EMPTY_001,10,,0,0,1,14,Priority,False,,,0.0
HK,HK_EMPTY_002,10,,0,0,1,14,Priority,False,,,0.0
HK,HK_EMPTY_003,10,,0,0,1,14,Priority,False,,,0.0
HK,HK_EMPTY_004,10,,0,0,1,14,Priority,False,,,0.0
HK,HK_EMPTY_005,10,,0,0,1,14,Priority,False,,,0.0
HK,HK_EMPTY_006,10,,0,0,1,14,Priority,False,,,0.0
HK,HK_EMPTY_007,10,,0,0,1,14,Priority,False,,,0.0
HL,HL_EMPTY_001,8,,0,0,1,15,Priority,False,,,0.0
HL,HL_EMPTY_002,8,,0,0,1,15,Priority,False,,,0.0
HL,HL_EMPTY_003,8,,0,0,1,15,Priority,False,,,0.0
HL,HL_EMPTY_004,8,,0,0,1,15,Priority,False,,,0.0
HL,HL_EMPTY_005,8,,0,0,1,15,Priority,False,,,0.0
HM,HM_EMPTY_001,6,,0,0,1,16,Standard,False,,,0.0
HM,HM_EMPTY_002,6,,0,0,1,16,Standard,False,,,0.0
HM,HM_EMPTY_003,6,,0,0,1,16,Standard,False,,,0.0
HM,HM_EMPTY_004,6,,0,0,1,16,Standard,False,,,0.0
HM,HM_EMPTY_005,6,,0,0,1,16,Standard,False,,,0.0
HM,HM_EMPTY_006,6,,0,0,1,16,Standard,False,,,0.0
HM,HM_EMPTY_007,6,,0,0,1,16,Standard,False,,,0.0
HM,HM_EMPTY_008,6,,0,0,1,16,Standard,False,,,0.0
HM,HM_EMPTY_009,6,,0,0,1,16,Standard,False,,,0.0
HM,HM_EMPTY_010,6,,0,0,1,16,Standard,False,,,0.0
HM,HM_EMPTY_011,6,,0,0,1,16,Standard,False,,,0.0
HM,HM_EMPTY_012,6,,0,0,1,16,Standard,False,,,0.0
HM,HM_EMPTY_013,6,,0,0,1,16,Standard,False,,,0.0
HM,HM_EMPTY_014,6,,0,0,1,16,Standard,False,,,0.0
HM,HM_EMPTY_015,6,,0,0,1,16,Standard,False,,,0.0
HM,HM_EMPTY_016,6,,0,0,1,16,Standard,False,,,0.0
HM,HM_EMPTY_017,6,,0,0,1,16,Standard,False,,,0.0
HM,HM_EMPTY_018,6,,0,0,1,16,Standard,False,,,0.0
HM,HM_EMPTY_019,6,,0,0,1,16,Standard,False,,,0.0
HM,HM_EMPTY_020,6,,0,0,1,16,Standard,False,,,0.0
HM,HM_EMPTY_021,6,,0,0,1,16,Standard,False,,,0.0
HM,HM_EMPTY_022,6,,0,0,1,16,Standard,False,,,0.0
HM,HM_EMPTY_023,6,,0,0,1,16,Standard,False,,,0.0
HM,HM_EMPTY_024,6,,0,0,1,16,Standard,False,,,0.0
HM,HM_EMPTY_025,6,,0,0,1,16,Standard,False,,,0.0
HM,HM_EMPTY_026,6,,0,0,1,16,Standard,False,,,0.0
HM,HM_EMPTY_027,6,,0,0,1,16,Standard,False,,,0.0
HM,HM_EMPTY_028,6,,0,0,1,16,Standard,False,,,0.0
HM,HM_EMPTY_029,6,,0,0,1,16,Standard,False,,,0.0
HM,HM_EMPTY_030,6,,0,0,1,16,Standard,False,,,0.0
HM,HM_EMPTY_031,6,,0,0,1,16,Standard,False,,,0.0
HM,HM_EMPTY_032,6,,0,0,1,16,Standard,False,,,0.0
HM,HM_EMPTY_033,6,,0,0,1,16,Standard,False,,,0.0
HM,HM_EMPTY_034,6,,0,0,1,16,Standard,False,,,0.0
HM,HM_EMPTY_035,6,,0,0,1,16,Standard,False,,,0.0
HM,HM_EMPTY_036,6,,0,0,1,16,Standard,False,,,0.0
MA,MA_EMPTY_001,1,,0,0,1,17,Standard,False,,,0.0
MA,MA_EMPTY_002,1,,0,0,1,17,Standard,False,,,0.0
MA,MA_EMPTY_003,1,,0,0,1,17,Standard,False,,,0.0
MA,MA_EMPTY_004,1,,0,0,1,17,Standard,False,,,0.0
MA,MA_EMPTY_005,1,,0,0,1,17,Standard,False,,,0.0
MA,MA_EMPTY_006,1,,0,0,1,17,Standard,False,,,0.0
MA,MA_EMPTY_007,1,,0,0,1,17,Standard,False,,,0.0
MA,MA_EMPTY_008,1,,0,0,1,17,Standard,False,,,0.0
MA,MA_EMPTY_009,1,,0,0,1,17,Standard,False,,,0.0
MA,MA_EMPTY_010,1,,0,0,1,17,Standard,False,,,0.0
MA,MA_EMPTY_011,1,,0,0,1,17,Standard,False,,,0.0
MA,MA_EMPTY_012,1,,0,0,1,17,Standard,False,,,0.0
MA,MA_EMPTY_013,1,,0,0,1,17,Standard,False,,,0.0
MA,MA_EMPTY_014,1,,0,0,1,17,Standard,False,,,0.0
MB,MB_EMPTY_001,1,,0,0,1,18,Standard,False,,,0.0
MB,MB_EMPTY_002,1,,0,0,1,18,Standard,False,,,0.0
MB,MB_EMPTY_003,1,,0,0,1,18,Standard,False,,,0.0
MB,MB_EMPTY_004,1,,0,0,1,18,Standard,False,,,0.0
MB,MB_EMPTY_005,1,,0,0,1,18,Standard,False,,,0.0
MB,MB_EMPTY_006,1,,0,0,1,18,Standard,False,,,0.0
MB,MB_EMPTY_007,1,,0,0,1,18,Standard,False,,,0.0
MB,MB_EMPTY_008,1,,0,0,1,18,Standard,False,,,0.0
MB,MB_EMPTY_009,1,,0,0,1,18,Standard,False,,,0.0
MB,MB_EMPTY_010,1,,0,0,1,18,Standard,False,,,0.0
MB,MB_EMPTY_011,1,,0,0,1,18,Standard,False,,,0.0
MB,MB_EMPTY_012,1,,0,0,1,18,Standard,False,,,0.0
MB,MB_EMPTY_013,1,,0,0,1,18,Standard,False,,,0.0
MC,MC_EMPTY_001,1,,0,0,1,19,Standard,False,,,0.0
MC,MC_EMPTY_002,1,,0,0,1,19,Standard,False,,,0.0
MC,MC_EMPTY_003,1,,0,0,1,19,Standard,False,,,0.0
MC,MC_EMPTY_004,1,,0,0,1,19,Standard,False,,,0.0
MC,MC_EMPTY_005,1,,0,0,1,19,Standard,False,,,0.0
MC,MC_EMPTY_006,1,,0,0,1,19,Standard,False,,,0.0
MD,MD_EMPTY_001,1,,0,0,1,20,Standard,False,,,0.0
MD,MD_EMPTY_002,1,,0,0,1,20,Standard,False,,,0.0
MD,MD_EMPTY_003,1,,0,0,1,20,Standard,False,,,0.0
MD,MD_EMPTY_004,1,,0,0,1,20,Standard,False,,,0.0
MD,MD_EMPTY_005,1,,0,0,1,20,Standard,False,,,0.0
MD,MD_EMPTY_006,1,,0,0,1,20,Standard,False,,,0.0
MD,MD_EMPTY_007,1,,0,0,1,20,Standard,False,,,0.0
MD,MD_EMPTY_008,1,,0,0,1,20,Standard,False,,,0.0
MD,MD_EMPTY_009,1,,0,0,1,20,Standard,False,,,0.0
MD,MD_EMPTY_010,1,,0,0,1,20,Standard,False,,,0.0
MD,MD_EMPTY_011,1,,0,0,1,20,Standard,False,,,0.0
MD,MD_EMPTY_012,1,,0,0,1,20,Standard,False,,,0.0
MD,MD_EMPTY_013,1,,0,0,1,20,Standard,False,,,0.0
MD,MD_EMPTY_014,1,,0,0,1,20,Standard,False,,,0.0
MD,MD_EMPTY_015,1,,0,0,1,20,Standard,False,,,0.0
ME,ME_EMPTY_001,1,,0,0,1,21,Standard,False,,,0.0
ME,ME_EMPTY_002,1,,0,0,1,21,Standard,False,,,0.0
ME,ME_EMPTY_003,1,,0,0,1,21,Standard,False,,,0.0
ME,ME_EMPTY_004,1,,0,0,1,21,Standard,False,,,0.0
ME,ME_EMPTY_005,1,,0,0,1,21,Standard,False,,,0.0
ME,ME_EMPTY_006,1,,0,0,1,21,Standard,False,,,0.0
ME,ME_EMPTY_007,1,,0,0,1,21,Standard,False,,,0.0
ME,ME_EMPTY_008,1,,0,0,1,21,Standard,False,,,0.0
ME,ME_EMPTY_009,1,,0,0,1,21,Standard,False,,,0.0
MF,MF_EMPTY_001,1,,0,0,1,22,Standard,False,,,0.0
MF,MF_EMPTY_002,1,,0,0,1,22,Standard,False,,,0.0
MF,MF_EMPTY_003,1,,0,0,1,22,Standard,False,,,0.0
MF,MF_EMPTY_004,1,,0,0,1,22,Standard,False,,,0.0
MF,MF_EMPTY_005,1,,0,0,1,22,Standard,False,,,0.0
MF,MF_EMPTY_006,1,,0,0,1,22,Standard,False,,,0.0
MF,MF_EMPTY_007,1,,0,0,1,22,Standard,False,,,0.0
MF,MF_EMPTY_008,1,,0,0,1,22,Standard,False,,,0.0
MF,MF_EMPTY_009,1,,0,0,1,22,Standard,False,,,0.0
MF,MF_EMPTY_010,1,,0,0,1,22,Standard,False,,,0.0
MF,MF_EMPTY_011,1,,0,0,1,22,Standard,False,,,0.0
MF,MF_EMPTY_012,1,,0,0,1,22,Standard,False,,,0.0
MF,MF_EMPTY_013,1,,0,0,1,22,Standard,False,,,0.0
MF,MF_EMPTY_014,1,,0,0,1,22,Standard,False,,,0.0
MF,MF_EMPTY_015,1,,0,0,1,22,Standard,False,,,0.0
MG,MG_EMPTY_001,1,,0,0,1,23,Standard,False,,,0.0
MG,MG_EMPTY_002,1,,0,0,1,23,Standard,False,,,0.0
MG,MG_EMPTY_003,1,,0,0,1,23,Standard,False,,,0.0
MG,MG_EMPTY_004,1,,0,0,1,23,Standard,False,,,0.0
MG,MG_EMPTY_005,1,,0,0,1,23,Standard,False,,,0.0
MG,MG_EMPTY_006,1,,0,0,1,23,Standard,False,,,0.0
MG,MG_EMPTY_007,1,,0,0,1,23,Standard,False,,,0.0
MG,MG_EMPTY_008,1,,0,0,1,23,Standard,False,,,0.0
MG,MG_EMPTY_009,1,,0,0,1,23,Standard,False,,,0.0
MG,MG_EMPTY_010,1,,0,0,1,23,Standard,False,,,0.0
MG,MG_EMPTY_011,1,,0,0,1,23,Standard,False,,,0.0
MG,MG_EMPTY_012,1,,0,0,1,23,Standard,False,,,0.0
MG,MG_EMPTY_013,1,,0,0,1,23,Standard,False,,,0.0
MG,MG_EMPTY_014,1,,0,0,1,23,Standard,False,,,0.0
MG,MG_EMPTY_015,1,,0,0,1,23,Standard,False,,,0.0
MG,MG_EMPTY_016,1,,0,0,1,23,Standard,False,,,0.0
MH,MH_EMPTY_001,1,,0,0,1,24,Standard,False,,,0.0
MH,MH_EMPTY_002,1,,0,0,1,24,Standard,False,,,0.0
MH,MH_EMPTY_003,1,,0,0,1,24,Standard,False,,,0.0
MH,MH_EMPTY_004,1,,0,0,1,24,Standard,False,,,0.0
MH,MH_EMPTY_005,1,,0,0,1,24,Standard,False,,,0.0
MH,MH_EMPTY_006,1,,0,0,1,24,Standard,False,,,0.0
MH,MH_EMPTY_007,1,,0,0,1,24,Standard,False,,,0.0
MH,MH_EMPTY_008,1,,0,0,1,24,Standard,False,,,0.0
MH,MH_EMPTY_009,1,,0,0,1,24,Standard,False,,,0.0
MH,MH_EMPTY_010,1,,0,0,1,24,Standard,False,,,0.0
MH,MH_EMPTY_011,1,,0,0,1,24,Standard,False,,,0.0
MH,MH_EMPTY_012,1,,0,0,1,24,Standard,False,,,0.0
MH,MH_EMPTY_013,1,,0,0,1,24,Standard,False,,,0.0
MH,MH_EMPTY_014,1,,0,0,1,24,Standard,False,,,0.0
MH,MH_EMPTY_015,1,,0,0,1,24,Standard,False,,,0.0
MH,MH_EMPTY_016,1,,0,0,1,24,Standard,False,,,0.0
MI,MI_EMPTY_001,1,,0,0,1,25,Standard,False,,,0.0
MI,MI_EMPTY_002,1,,0,0,1,25,Standard,False,,,0.0
MI,MI_EMPTY_003,1,,0,0,1,25,Standard,False,,,0.0
MI,MI_EMPTY_004,1,,0,0,1,25,Standard,False,,,0.0
MI,MI_EMPTY_005,1,,0,0,1,25,Standard,False,,,0.0
MI,MI_EMPTY_006,1,,0,0,1,25,Standard,False,,,0.0
MI,MI_EMPTY_007,1,,0,0,1,25,Standard,False,,,0.0
MI,MI_EMPTY_008,1,,0,0,1,25,Standard,False,,,0.0
MI,MI_EMPTY_009,1,,0,0,1,25,Standard,False,,,0.0
MI,MI_EMPTY_010,1,,0,0,1,25,Standard,False,,,0.0
MI,MI_EMPTY_011,1,,0,0,1,25,Standard,False,,,0.0
MI,MI_EMPTY_012,1,,0,0,1,25,Standard,False,,,0.0
MI,MI_EMPTY_013,1,,0,0,1,25,Standard,False,,,0.0
MI,MI_EMPTY_014,1,,0,0,1,25,Standard,False,,,0.0
MI,MI_EMPTY_015,1,,0,0,1,25,Standard,False,,,0.0
MI,MI_EMPTY_016,1,,0,0,1,25,Standard,False,,,0.0
MJ,MJ_EMPTY_001,1,,0,0,1,26,Standard,False,,,0.0
MJ,MJ_EMPTY_002,1,,0,0,1,26,Standard,False,,,0.0
MJ,MJ_EMPTY_003,1,,0,0,1,26,Standard,False,,,0.0
MJ,MJ_EMPTY_004,1,,0,0,1,26,Standard,False,,,0.0
MJ,MJ_EMPTY_005,1,,0,0,1,26,Standard,False,,,0.0
MJ,MJ_EMPTY_006,1,,0,0,1,26,Standard,False,,,0.0
MJ,MJ_EMPTY_007,1,,0,0,1,26,Standard,False,,,0.0
MJ,MJ_EMPTY_008,1,,0,0,1,26,Standard,False,,,0.0
MJ,MJ_EMPTY_009,1,,0,0,1,26,Standard,False,,,0.0
MJ,MJ_EMPTY_010,1,,0,0,1,26,Standard,False,,,0.0
MJ,MJ_EMPTY_011,1,,0,0,1,26,Standard,False,,,0.0
MJ,MJ_EMPTY_012,1,,0,0,1,26,Standard,False,,,0.0
MJ,MJ_EMPTY_013,1,,0,0,1,26,Standard,False,,,0.0
MJ,MJ_EMPTY_014,1,,0,0,1,26,Standard,False,,,0.0
MJ,MJ_EMPTY_015,1,,0,0,1,26,Standard,False,,,0.0
MJ,MJ_EMPTY_016,1,,0,0,1,26,Standard,False,,,0.0
MJ,MJ_EMPTY_017,1,,0,0,1,26,Standard,False,,,0.0
MK,MK_EMPTY_001,1,,0,0,1,27,Standard,False,,,0.0
MK,MK_EMPTY_002,1,,0,0,1,27,Standard,False,,,0.0
MK,MK_EMPTY_003,1,,0,0,1,27,Standard,False,,,0.0
MK,MK_EMPTY_004,1,,0,0,1,27,Standard,False,,,0.0
MK,MK_EMPTY_005,1,,0,0,1,27,Standard,False,,,0.0
MK,MK_EMPTY_006,1,,0,0,1,27,Standard,False,,,0.0
MK,MK_EMPTY_007,1,,0,0,1,27,Standard,False,,,0.0
MK,MK_EMPTY_008,1,,0,0,1,27,Standard,False,,,0.0
MK,MK_EMPTY_009,1,,0,0,1,27,Standard,False,,,0.0
MK,MK_EMPTY_010,1,,0,0,1,27,Standard,False,,,0.0
MK,MK_EMPTY_011,1,,0,0,1,27,Standard,False,,,0.0
MK,MK_EMPTY_012,1,,0,0,1,27,Standard,False,,,0.0
MK,MK_EMPTY_013,1,,0,0,1,27,Standard,False,,,0.0
MK,MK_EMPTY_014,1,,0,0,1,27,Standard,False,,,0.0
MK,MK_EMPTY_015,1,,0,0,1,27,Standard,False,,,0.0
ML,ML_EMPTY_001,1,,0,0,1,28,Standard,False,,,0.0
ML,ML_EMPTY_002,1,,0,0,1,28,Standard,False,,,0.0
ML,ML_EMPTY_003,1,,0,0,1,28,Standard,False,,,0.0
ML,ML_EMPTY_004,1,,0,0,1,28,Standard,False,,,0.0
ML,ML_EMPTY_005,1,,0,0,1,28,Standard,False,,,0.0
ML,ML_EMPTY_006,1,,0,0,1,28,Standard,False,,,0.0
ML,ML_EMPTY_007,1,,0,0,1,28,Standard,False,,,0.0
ML,ML_EMPTY_008,1,,0,0,1,28,Standard,False,,,0.0
ML,ML_EMPTY_009,1,,0,0,1,28,Standard,False,,,0.0
ML,ML_EMPTY_010,1,,0,0,1,28,Standard,False,,,0.0
ML,ML_EMPTY_011,1,,0,0,1,28,Standard,False,,,0.0
RA,RA_EMPTY_001,4,,0,0,1,29,Reserve,False,,,0.0
RB,RB_EMPTY_001,3,,0,0,1,30,Reserve,False,,,0.0
RB,RB_EMPTY_002,3,,0,0,1,30,Reserve,False,,,0.0
RB,RB_EMPTY_003,3,,0,0,1,30,Reserve,False,,,0.0
RC,RC_EMPTY_001,3,,0,0,1,31,Reserve,False,,,0.0
RD,RD_EMPTY_001,5,,0,0,1,32,Reserve,False,,,0.0
RE,RE_EMPTY_001,5,,0,0,1,33,Reserve,False,,,0.0
RE,RE_EMPTY_002,5,,0,0,1,33,Reserve,False,,,0.0
RE,RE_EMPTY_003,5,,0,0,1,33,Reserve,False,,,0.0
RE,RE_EMPTY_004,5,,0,0,1,33,Reserve,False,,,0.0
RF,RF_EMPTY_001,5,,0,0,1,34,Reserve,False,,,0.0
RF,RF_EMPTY_002,5,,0,0,1,34,Reserve,False,,,0.0
RF,RF_EMPTY_003,5,,0,0,1,34,Reserve,False,,,0.0
RF,RF_EMPTY_004,5,,0,0,1,34,Reserve,False,,,0.0
RF,RF_EMPTY_005,5,,0,0,1,34,Reserve,False,,,0.0
RF,RF_EMPTY_006,5,,0,0,1,34,Reserve,False,,,0.0
RF,RF_EMPTY_007,5,,0,0,1,34,Reserve,False,,,0.0
RF,RF_EMPTY_008,5,,0,0,1,34,Reserve,False,,,0.0
RF,RF_EMPTY_009,5,,0,0,1,34,Reserve,False,,,0.0
RF,RF_EMPTY_010,5,,0,0,1,34,Reserve,False,,,0.0
RF,RF_EMPTY_011,5,,0,0,1,34,Reserve,False,,,0.0
RF,RF_EMPTY_012,5,,0,0,1,34,Reserve,False,,,0.0
RF,RF_EMPTY_013,5,,0,0,1,34,Reserve,False,,,0.0
RF,RF_EMPTY_014,5,,0,0,1,34,Reserve,False,,,0.0
RF,RF_EMPTY_015,5,,0,0,1,34,Reserve,False,,,0.0
RF,RF_EMPTY_016,5,,0,0,1,34,Reserve,False,,,0.0
RF,RF_EMPTY_017,5,,0,0,1,34,Reserve,False,,,0.0
RF,RF_EMPTY_018,5,,0,0,1,34,Reserve,False,,,0.0
RF,RF_EMPTY_019,5,,0,0,1,34,Reserve,False,,,0.0
RF,RF_EMPTY_020,5,,0,0,1,34,Reserve,False,,,0.0
RF,RF_EMPTY_021,5,,0,0,1,34,Reserve,False,,,0.0
RF,RF_EMPTY_022,5,,0,0,1,34,Reserve,False,,,0.0
RF,RF_EMPTY_023,5,,0,0,1,34,Reserve,False,,,0.0
RF,RF_EMPTY_024,5,,0,0,1,34,Reserve,False,,,0.0
RF,RF_EMPTY_025,5,,0,0,1,34,Reserve,False,,,0.0
RF,RF_EMPTY_026,5,,0,0,1,34,Reserve,False,,,0.0
RF,RF_EMPTY_027,5,,0,0,1,34,Reserve,False,,,0.0
RF,RF_EMPTY_028,5,,0,0,1,34,Reserve,False,,,0.0
RF,RF_EMPTY_029,5,,0,0,1,34,Reserve,False,,,0.0
RF,RF_EMPTY_030,5,,0,0,1,34,Reserve,False,,,0.0
RF,RF_EMPTY_031,5,,0,0,1,34,Reserve,False,,,0.0
RF,RF_EMPTY_032,5,,0,0,1,34,Reserve,False,,,0.0
RF,RF_EMPTY_033,5,,0,0,1,34,Reserve,False,,,0.0
RF,RF_EMPTY_034,5,,0,0,1,34,Reserve,False,,,0.0
RF,RF_EMPTY_035,5,,0,0,1,34,Reserve,False,,,0.0
RF,RF_EMPTY_036,5,,0,0,1,34,Reserve,False,,,0.0
RF,RF_EMPTY_037,5,,0,0,1,34,Reserve,False,,,0.0
RF,RF_EMPTY_038,5,,0,0,1,34,Reserve,False,,,0.0
RF,RF_EMPTY_039,5,,0,0,1,34,Reserve,False,,,0.0
RF,RF_EMPTY_040,5,,0,0,1,34,Reserve,False,,,0.0
RF,RF_EMPTY_041,5,,0,0,1,34,Reserve,False,,,0.0
RF,RF_EMPTY_042,5,,0,0,1,34,Reserve,False,,,0.0
RF,RF_EMPTY_043,5,,0,0,1,34,Reserve,False,,,0.0
RF,RF_EMPTY_044,5,,0,0,1,34,Reserve,False,,,0.0
RF,RF_EMPTY_045,5,,0,0,1,34,Reserve,False,,,0.0
RF,RF_EMPTY_046,5,,0,0,1,34,Reserve,False,,,0.0
RG,RG_EMPTY_001,5,,0,0,1,35,Reserve,False,,,0.0
RG,RG_EMPTY_002,5,,0,0,1,35,Reserve,False,,,0.0
RG,RG_EMPTY_003,5,,0,0,1,35,Reserve,False,,,0.0
RG,RG_EMPTY_004,5,,0,0,1,35,Reserve,False,,,0.0
RG,RG_EMPTY_005,5,,0,0,1,35,Reserve,False,,,0.0
RG,RG_EMPTY_006,5,,0,0,1,35,Reserve,False,,,0.0
RG,RG_EMPTY_007,5,,0,0,1,35,Reserve,False,,,0.0
RG,RG_EMPTY_008,5,,0,0,1,35,Reserve,False,,,0.0
RG,RG_EMPTY_009,5,,0,0,1,35,Reserve,False,,,0.0
RG,RG_EMPTY_010,5,,0,0,1,35,Reserve,False,,,0.0
RG,RG_EMPTY_011,5,,0,0,1,35,Reserve,False,,,0.0
RG,RG_EMPTY_012,5,,0,0,1,35,Reserve,False,,,0.0
RG,RG_EMPTY_013,5,,0,0,1,35,Reserve,False,,,0.0
RG,RG_EMPTY_014,5,,0,0,1,35,Reserve,False,,,0.0
RG,RG_EMPTY_015,5,,0,0,1,35,Reserve,False,,,0.0
RG,RG_EMPTY_016,5,,0,0,1,35,Reserve,False,,,0.0
RG,RG_EMPTY_017,5,,0,0,1,35,Reserve,False,,,0.0
RG,RG_EMPTY_018,5,,0,0,1,35,Reserve,False,,,0.0
RG,RG_EMPTY_019,5,,0,0,1,35,Reserve,False,,,0.0
RG,RG_EMPTY_020,5,,0,0,1,35,Reserve,False,,,0.0
RG,RG_EMPTY_021,5,,0,0,1,35,Reserve,False,,,0.0
RG,RG_EMPTY_022,5,,0,0,1,35,Reserve,False,,,0.0
RG,RG_EMPTY_023,5,,0,0,1,35,Reserve,False,,,0.0
RG,RG_EMPTY_024,5,,0,0,1,35,Reserve,False,,,0.0
RG,RG_EMPTY_025,5,,0,0,1,35,Reserve,False,,,0.0
RG,RG_EMPTY_026,5,,0,0,1,35,Reserve,False,,,0.0
RG,RG_EMPTY_027,5,,0,0,1,35,Reserve,False,,,0.0
RG,RG_EMPTY_028,5,,0,0,1,35,Reserve,False,,,0.0
RG,RG_EMPTY_029,5,,0,0,1,35,Reserve,False,,,0.0
RG,RG_EMPTY_030,5,,0,0,1,35,Reserve,False,,,0.0
RG,RG_EMPTY_031,5,,0,0,1,35,Reserve,False,,,0.0
RG,RG_EMPTY_032,5,,0,0,1,35,Reserve,False,,,0.0
RG,RG_EMPTY_033,5,,0,0,1,35,Reserve,False,,,0.0
RG,RG_EMPTY_034,5,,0,0,1,35,Reserve,False,,,0.0
RG,RG_EMPTY_035,5,,0,0,1,35,Reserve,False,,,0.0
RG,RG_EMPTY_036,5,,0,0,1,35,Reserve,False,,,0.0
RG,RG_EMPTY_037,5,,0,0,1,35,Reserve,False,,,0.0
RG,RG_EMPTY_038,5,,0,0,1,35,Reserve,False,,,0.0
RG,RG_EMPTY_039,5,,0,0,1,35,Reserve,False,,,0.0
RG,RG_EMPTY_040,5,,0,0,1,35,Reserve,False,,,0.0
RG,RG_EMPTY_041,5,,0,0,1,35,Reserve,False,,,0.0
RG,RG_EMPTY_042,5,,0,0,1,35,Reserve,False,,,0.0
RG,RG_EMPTY_043,5,,0,0,1,35,Reserve,False,,,0.0
RG,RG_EMPTY_044,5,,0,0,1,35,Reserve,False,,,0.0
RG,RG_EMPTY_045,5,,0,0,1,35,Reserve,False,,,0.0
RG,RG_EMPTY_046,5,,0,0,1,35,Reserve,False,,,0.0
RG,RG_EMPTY_047,5,,0,0,1,35,Reserve,False,,,0.0
RG,RG_EMPTY_048,5,,0,0,1,35,Reserve,False,,,0.0
RG,RG_EMPTY_049,5,,0,0,1,35,Reserve,False,,,0.0
RG,RG_EMPTY_050,5,,0,0,1,35,Reserve,False,,,0.0
RG,RG_EMPTY_051,5,,0,0,1,35,Reserve,False,,,0.0
RG,RG_EMPTY_052,5,,0,0,1,35,Reserve,False,,,0.0
RG,RG_EMPTY_053,5,,0,0,1,35,Reserve,False,,,0.0
RG,RG_EMPTY_054,5,,0,0,1,35,Reserve,False,,,0.0
RG,RG_EMPTY_055,5,,0,0,1,35,Reserve,False,,,0.0
RG,RG_EMPTY_056,5,,0,0,1,35,Reserve,False,,,0.0
RG,RG_EMPTY_057,5,,0,0,1,35,Reserve,False,,,0.0
RG,RG_EMPTY_058,5,,0,0,1,35,Reserve,False,,,0.0
RG,RG_EMPTY_059,5,,0,0,1,35,Reserve,False,,,0.0
RG,RG_EMPTY_060,5,,0,0,1,35,Reserve,False,,,0.0
RG,RG_EMPTY_061,5,,0,0,1,35,Reserve,False,,,0.0
RG,RG_EMPTY_062,5,,0,0,1,35,Reserve,False,,,0.0
RG,RG_EMPTY_063,5,,0,0,1,35,Reserve,False,,,0.0
RG,RG_EMPTY_064,5,,0,0,1,35,Reserve,False,,,0.0
RG,RG_EMPTY_065,5,,0,0,1,35,Reserve,False,,,0.0
RG,RG_EMPTY_066,5,,0,0,1,35,Reserve,False,,,0.0
RG,RG_EMPTY_067,5,,0,0,1,35,Reserve,False,,,0.0
RG,RG_EMPTY_068,5,,0,0,1,35,Reserve,False,,,0.0
RG,RG_EMPTY_069,5,,0,0,1,35,Reserve,False,,,0.0
RG,RG_EMPTY_070,5,,0,0,1,35,Reserve,False,,,0.0
RG,RG_EMPTY_071,5,,0,0,1,35,Reserve,False,,,0.0
RG,RG_EMPTY_072,5,,0,0,1,35,Reserve,False,,,0.0
RG,RG_EMPTY_073,5,,0,0,1,35,Reserve,False,,,0.0
RG,RG_EMPTY_074,5,,0,0,1,35,Reserve,False,,,0.0
RG,RG_EMPTY_075,5,,0,0,1,35,Reserve,False,,,0.0
RG,RG_EMPTY_076,5,,0,0,1,35,Reserve,False,,,0.0
RG,RG_EMPTY_077,5,,0,0,1,35,Reserve,False,,,0.0
RG,RG_EMPTY_078,5,,0,0,1,35,Reserve,False,,,0.0
RG,RG_EMPTY_079,5,,0,0,1,35,Reserve,False,,,0.0
RG,RG_EMPTY_080,5,,0,0,1,35,Reserve,False,,,0.0
RG,RG_EMPTY_081,5,,0,0,1,35,Reserve,False,,,0.0
RG,RG_EMPTY_082,5,,0,0,1,35,Reserve,False,,,0.0
TB,TB_EMPTY_001,30,,0,0,1,36,Reserve,False,,,0.0
TB,TB_EMPTY_002,30,,0,0,1,36,Reserve,False,,,0.0
TB,TB_EMPTY_003,30,,0,0,1,36,Reserve,False,,,0.0
TB,TB_EMPTY_004,30,,0,0,1,36,Reserve,False,,,0.0
TB,TB_EMPTY_005,30,,0,0,1,36,Reserve,False,,,0.0
TB,TB_EMPTY_006,30,,0,0,1,36,Reserve,False,,,0.0
TB,TB_EMPTY_007,30,,0,0,1,36,Reserve,False,,,0.0
TB,TB_EMPTY_008,30,,0,0,1,36,Reserve,False,,,0.0
TB,TB_EMPTY_009,30,,0,0,1,36,Reserve,False,,,0.0
WE,WE_EMPTY_001,28,,0,0,1,37,Reserve,False,,,0.0
